Date,Time,Location/Area,Accident Type,Severity,Vehicle Type
2025-01-01,06:54:00,Central,Collision,Moderate,Truck
2025-01-01,19:15:00,Highway,Collision,Minor,Motorcycle
2025-01-01,14:45:00,Central,Hit-and-run,Severe,Motorcycle
2025-01-01,10:42:00,Suburban,Collision,Moderate,Auto
2025-01-01,07:06:00,Highway,Hit-and-run,Minor,Motorcycle
2025-01-01,20:15:00,East,Collision,Minor,Bicycle
2025-01-01,06:44:00,Suburban,Collision,Moderate,Motorcycle
2025-01-01,18:58:00,Unknown,Hit-and-run,Severe,Car
2025-01-01,22:46:00,South,Collision,Moderate,Motorcycle
2025-01-01,10:55:00,West,Single Vehicle,Minor,Car
2025-01-01,10:47:00,South,Collision,Moderate,Motorcycle
2025-01-01,23:26:00,Suburban,Collision,Minor,Truck
2025-01-01,20:52:00,Central,Single Vehicle,Fatal,Motorcycle
2025-01-01,03:22:00,West,Rear-end,Moderate,Car
2025-01-01,07:23:00,West,Hit-and-run,Moderate,Motorcycle
2025-01-02,23:08:00,West,Collision,Minor,Car
2025-01-02,02:34:00,North,Rear-end,Moderate,Truck
2025-01-02,21:50:00,South,Hit-and-run,Minor,Bus
2025-01-02,20:19:00,Highway,Collision,Minor,Bicycle
2025-01-02,01:36:00,North,Pedestrian,Minor,Car
2025-01-02,23:41:00,Highway,Rear-end,Severe,Motorcycle
2025-01-02,11:16:00,West,Rear-end,Moderate,Motorcycle
2025-01-02,05:46:00,Highway,Rear-end,Minor,Auto
2025-01-02,01:30:00,Industrial,Rear-end,Severe,Truck
2025-01-02,20:54:00,North,Collision,Minor,Car
2025-01-02,00:56:00,West,Rear-end,Minor,Motorcycle
2025-01-02,11:07:00,Highway,Collision,Minor,Truck
2025-01-02,21:14:00,East,Rear-end,Moderate,Truck
2025-01-02,11:30:00,Suburban,Pedestrian,Moderate,Auto
2025-01-03,16:52:00,East,Rear-end,Moderate,Car
2025-01-03,09:29:00,Central,Single Vehicle,Moderate,Bicycle
2025-01-03,15:45:00,South,Collision,Minor,Car
2025-01-03,14:19:00,Suburban,Rear-end,Moderate,Bicycle
2025-01-03,14:59:00,South,Pedestrian,Minor,Auto
2025-01-03,18:38:00,Highway,Rear-end,Moderate,Truck
2025-01-03,11:52:00,Highway,Rear-end,Moderate,Truck
2025-01-03,22:54:00,South,Collision,Moderate,Car
2025-01-03,19:11:00,Central,Rear-end,Moderate,Car
2025-01-03,02:48:00,Industrial,Collision,Moderate,Car
2025-01-03,04:16:00,South,Single Vehicle,Minor,Car
2025-01-03,18:41:00,Highway,Collision,Severe,Motorcycle
2025-01-03,06:29:00,East,Single Vehicle,Minor,Car
2025-01-03,20:28:00,East,Hit-and-run,Minor,Auto
2025-01-04,08:18:00,Highway,Collision,Moderate,Motorcycle
2025-01-04,06:45:00,South,Rear-end,Moderate,Truck
2025-01-04,17:10:00,East,Single Vehicle,Minor,Truck
2025-01-04,03:33:00,South,Single Vehicle,Severe,Car
2025-01-04,13:49:00,South,Collision,Fatal,Car
2025-01-04,17:06:00,East,Collision,Moderate,Unknown
2025-01-04,08:43:00,Highway,Collision,Moderate,Bus
2025-01-04,20:57:00,South,Collision,Moderate,Motorcycle
2025-01-04,01:33:00,East,Rear-end,Minor,Car
2025-01-04,19:58:00,Industrial,Single Vehicle,Moderate,Bus
2025-01-04,14:19:00,North,Rear-end,Severe,Car
2025-01-04,06:49:00,North,Pedestrian,Fatal,Truck
2025-01-04,11:37:00,Suburban,Hit-and-run,Severe,Motorcycle
2025-01-04,07:23:00,Industrial,Collision,Minor,Truck
2025-01-04,14:09:00,West,Collision,Minor,Auto
2025-01-05,02:31:00,West,Hit-and-run,Minor,Bus
2025-01-05,13:51:00,Central,Single Vehicle,Minor,Motorcycle
2025-01-05,16:14:00,West,Hit-and-run,Minor,Car
2025-01-05,03:36:00,East,Collision,Minor,Bus
2025-01-05,17:19:00,West,Collision,Moderate,Motorcycle
2025-01-05,07:02:00,South,Collision,Moderate,Car
2025-01-05,03:36:00,Central,Rear-end,Moderate,Truck
2025-01-05,01:56:00,North,Pedestrian,Severe,Car
2025-01-05,05:39:00,Suburban,Collision,Minor,Car
2025-01-05,21:07:00,South,Pedestrian,Minor,Auto
2025-01-05,09:39:00,East,Rear-end,Moderate,Motorcycle
2025-01-05,03:43:00,Central,Hit-and-run,Moderate,Car
2025-01-05,21:55:00,Central,Single Vehicle,Moderate,Truck
2025-01-05,17:22:00,Industrial,Collision,Minor,Auto
2025-01-06,11:39:00,East,Single Vehicle,Minor,Car
2025-01-06,01:10:00,East,Collision,Moderate,Truck
2025-01-06,09:45:00,North,Rear-end,Severe,Bus
2025-01-06,03:07:00,Industrial,Single Vehicle,Severe,Car
2025-01-06,13:28:00,Central,Single Vehicle,Moderate,Motorcycle
2025-01-06,15:29:00,North,Rear-end,Moderate,Car
2025-01-06,14:55:00,East,Rear-end,Severe,Bus
2025-01-06,07:59:00,North,Hit-and-run,Moderate,Auto
2025-01-06,13:09:00,North,Pedestrian,Moderate,Car
2025-01-06,22:38:00,West,Collision,Severe,Bus
2025-01-06,07:27:00,West,Pedestrian,Moderate,Bus
2025-01-06,20:48:00,Highway,Rear-end,Severe,Car
2025-01-06,15:35:00,South,Rear-end,Minor,Truck
2025-01-06,12:12:00,Central,Rear-end,Moderate,Car
2025-01-07,17:31:00,North,Rear-end,Severe,Auto
2025-01-07,14:35:00,Suburban,Single Vehicle,Minor,Motorcycle
2025-01-07,20:36:00,West,Rear-end,Severe,Truck
2025-01-07,23:25:00,Industrial,Single Vehicle,Minor,Truck
2025-01-07,12:21:00,Central,Collision,Severe,Motorcycle
2025-01-07,08:03:00,East,Hit-and-run,Moderate,Auto
2025-01-07,14:30:00,Central,Pedestrian,Minor,Motorcycle
2025-01-07,12:17:00,West,Hit-and-run,Minor,Auto
2025-01-07,00:37:00,Suburban,Rear-end,Moderate,Motorcycle
2025-01-07,06:23:00,Suburban,Rear-end,Moderate,Car
2025-01-07,08:55:00,West,Single Vehicle,Minor,Auto
2025-01-07,23:22:00,East,Pedestrian,Severe,Truck
2025-01-07,00:21:00,Suburban,Collision,Moderate,Truck
2025-01-07,11:01:00,Industrial,Single Vehicle,Moderate,Bicycle
2025-01-08,07:30:00,Central,Rear-end,Minor,Car
2025-01-08,23:54:00,East,Collision,Severe,Motorcycle
2025-01-08,10:10:00,North,Single Vehicle,Minor,Car
2025-01-08,18:27:00,East,Rear-end,Moderate,Truck
2025-01-08,16:45:00,East,Pedestrian,Severe,Bus
2025-01-08,07:31:00,West,Collision,Minor,Bicycle
2025-01-08,02:04:00,South,Collision,Moderate,Motorcycle
2025-01-08,02:37:00,Central,Rear-end,Minor,Bus
2025-01-08,00:09:00,East,Collision,Moderate,Auto
2025-01-08,04:39:00,Highway,Pedestrian,Moderate,Truck
2025-01-08,09:45:00,Industrial,Collision,Severe,Car
2025-01-08,06:23:00,South,Rear-end,Severe,Motorcycle
2025-01-08,08:34:00,Suburban,Collision,Moderate,Bicycle
2025-01-08,06:43:00,Suburban,Collision,Moderate,Bicycle
2025-01-08,08:47:00,North,Pedestrian,Moderate,Truck
2025-01-09,07:59:00,Central,Collision,Minor,Auto
2025-01-09,11:22:00,Industrial,Hit-and-run,Moderate,Car
2025-01-09,01:16:00,Highway,Single Vehicle,Severe,Car
2025-01-09,00:00:00,Suburban,Hit-and-run,Minor,Bicycle
2025-01-09,15:54:00,Highway,Pedestrian,Minor,Car
2025-01-09,22:30:00,West,Collision,Minor,Car
2025-01-09,22:30:00,East,Collision,Minor,Motorcycle
2025-01-09,23:41:00,Central,Single Vehicle,Minor,Motorcycle
2025-01-09,04:56:00,North,Hit-and-run,Moderate,Motorcycle
2025-01-09,02:54:00,East,Hit-and-run,Moderate,Car
2025-01-09,11:41:00,West,Hit-and-run,Moderate,Auto
2025-01-09,07:52:00,West,Rear-end,Minor,Auto
2025-01-09,21:55:00,Industrial,Collision,Moderate,Car
2025-01-09,02:33:00,North,Pedestrian,Severe,Motorcycle
2025-01-10,00:08:00,West,Hit-and-run,Fatal,Truck
2025-01-10,02:21:00,Central,Rear-end,Moderate,Truck
2025-01-10,04:12:00,South,Single Vehicle,Minor,Car
2025-01-10,14:24:00,Industrial,Collision,Fatal,Car
2025-01-10,13:47:00,Industrial,Collision,Moderate,Car
2025-01-10,02:17:00,Suburban,Single Vehicle,Minor,Car
2025-01-10,00:50:00,North,Pedestrian,Minor,Motorcycle
2025-01-10,04:11:00,East,Rear-end,Minor,Truck
2025-01-10,22:39:00,South,Collision,Minor,Bus
2025-01-10,13:16:00,East,Collision,Minor,Bus
2025-01-10,06:14:00,Highway,Hit-and-run,Severe,Car
2025-01-10,08:41:00,Industrial,Rear-end,Moderate,Bus
2025-01-10,14:14:00,Highway,Pedestrian,Moderate,Car
2025-01-10,14:14:00,North,Single Vehicle,Severe,Motorcycle
2025-01-11,09:54:00,Highway,Pedestrian,Severe,Bus
2025-01-11,12:38:00,Central,Collision,Severe,Truck
2025-01-11,18:12:00,Highway,Pedestrian,Fatal,Motorcycle
2025-01-11,06:16:00,South,Collision,Minor,Truck
2025-01-11,16:31:00,South,Collision,Fatal,Auto
2025-01-11,19:08:00,East,Collision,Moderate,Motorcycle
2025-01-11,03:39:00,Suburban,Rear-end,Minor,Bus
2025-01-11,04:19:00,Central,Single Vehicle,Moderate,Bicycle
2025-01-11,22:25:00,South,Collision,Moderate,Truck
2025-01-11,06:26:00,Highway,Collision,Severe,Motorcycle
2025-01-11,12:20:00,South,Single Vehicle,Minor,Car
2025-01-11,14:17:00,North,Collision,Moderate,Car
2025-01-11,10:12:00,East,Pedestrian,Minor,Motorcycle
2025-01-11,03:15:00,South,Collision,Minor,Bus
2025-01-11,12:08:00,Suburban,Collision,Minor,Motorcycle
2025-01-12,06:11:00,Highway,Single Vehicle,Moderate,Bicycle
2025-01-12,18:43:00,East,Collision,Severe,Car
2025-01-12,21:37:00,Suburban,Rear-end,Minor,Bus
2025-01-12,01:18:00,East,Collision,Moderate,Car
2025-01-12,09:59:00,Central,Collision,Minor,Motorcycle
2025-01-12,12:06:00,North,Collision,Minor,Bus
2025-01-12,20:56:00,East,Collision,Moderate,Car
2025-01-12,05:34:00,Central,Collision,Minor,Car
2025-01-12,11:47:00,Suburban,Pedestrian,Moderate,Motorcycle
2025-01-12,11:17:00,Highway,Rear-end,Minor,Motorcycle
2025-01-12,19:15:00,North,Collision,Minor,Bus
2025-01-12,10:54:00,West,Rear-end,Moderate,Bicycle
2025-01-12,22:38:00,Industrial,Single Vehicle,Moderate,Car
2025-01-12,06:03:00,Suburban,Single Vehicle,Minor,Motorcycle
2025-01-13,00:58:00,Highway,Hit-and-run,Moderate,Truck
2025-01-13,00:24:00,East,Single Vehicle,Severe,Bicycle
2025-01-13,19:31:00,Highway,Collision,Moderate,Auto
2025-01-13,12:39:00,West,Rear-end,Minor,Truck
2025-01-13,08:12:00,West,Rear-end,Moderate,Motorcycle
2025-01-13,02:44:00,Central,Hit-and-run,Moderate,Car
2025-01-13,06:16:00,Central,Rear-end,Minor,Car
2025-01-13,05:48:00,East,Rear-end,Severe,Motorcycle
2025-01-13,07:36:00,North,Single Vehicle,Severe,Truck
2025-01-13,08:05:00,Central,Pedestrian,Severe,Truck
2025-01-13,04:18:00,Industrial,Rear-end,Severe,Truck
2025-01-13,00:12:00,Central,Hit-and-run,Moderate,Motorcycle
2025-01-13,18:56:00,West,Collision,Moderate,Truck
2025-01-13,09:59:00,East,Collision,Moderate,Car
2025-01-14,11:25:00,Suburban,Collision,Severe,Car
2025-01-14,23:13:00,East,Rear-end,Moderate,Car
2025-01-14,14:30:00,Central,Collision,Minor,Auto
2025-01-14,21:53:00,West,Pedestrian,Minor,Car
2025-01-14,23:03:00,Highway,Collision,Severe,Bus
2025-01-14,08:59:00,Suburban,Rear-end,Minor,Car
2025-01-14,19:38:00,East,Collision,Moderate,Motorcycle
2025-01-14,16:07:00,South,Collision,Fatal,Auto
2025-01-14,16:24:00,Highway,Single Vehicle,Moderate,Motorcycle
2025-01-14,19:12:00,North,Rear-end,Fatal,Car
2025-01-14,11:31:00,West,Single Vehicle,Moderate,Car
2025-01-14,06:58:00,South,Single Vehicle,Minor,Auto
2025-01-14,01:37:00,Central,Collision,Severe,Motorcycle
2025-01-14,02:37:00,South,Collision,Minor,Motorcycle
2025-01-15,16:55:00,North,Single Vehicle,Minor,Motorcycle
2025-01-15,04:27:00,Industrial,Single Vehicle,Minor,Car
2025-01-15,16:52:00,Suburban,Hit-and-run,Minor,Car
2025-01-15,23:29:00,North,Pedestrian,Minor,Truck
2025-01-15,16:02:00,Highway,Pedestrian,Minor,Truck
2025-01-15,16:27:00,Central,Collision,Moderate,Car
2025-01-15,01:02:00,East,Rear-end,Severe,Bus
2025-01-15,01:44:00,Central,Pedestrian,Minor,Auto
2025-01-15,21:53:00,Suburban,Hit-and-run,Minor,Auto
2025-01-15,22:33:00,Highway,Collision,Moderate,Car
2025-01-15,04:15:00,West,Collision,Moderate,Car
2025-01-15,00:21:00,Highway,Collision,Severe,Auto
2025-01-15,00:31:00,West,Collision,Minor,Unknown
2025-01-15,18:37:00,Suburban,Single Vehicle,Severe,Car
2025-01-15,01:07:00,Industrial,Collision,Moderate,Auto
2025-01-16,20:54:00,Suburban,Collision,Moderate,Car
2025-01-16,11:07:00,East,Collision,Minor,Car
2025-01-16,05:56:00,Central,Rear-end,Minor,Motorcycle
2025-01-16,22:05:00,East,Rear-end,Minor,Auto
2025-01-16,03:13:00,Central,Collision,Minor,Car
2025-01-16,22:31:00,West,Collision,Moderate,Auto
2025-01-16,10:34:00,East,Collision,Severe,Motorcycle
2025-01-16,23:09:00,West,Rear-end,Moderate,Motorcycle
2025-01-16,16:02:00,Central,Collision,Moderate,Car
2025-01-16,05:58:00,North,Single Vehicle,Moderate,Car
2025-01-16,23:11:00,East,Rear-end,Minor,Truck
2025-01-16,04:48:00,Suburban,Collision,Fatal,Motorcycle
2025-01-16,19:58:00,South,Hit-and-run,Moderate,Auto
2025-01-16,01:30:00,East,Collision,Minor,Unknown
2025-01-17,05:28:00,Industrial,Hit-and-run,Minor,Motorcycle
2025-01-17,21:04:00,West,Collision,Moderate,Car
2025-01-17,10:51:00,South,Rear-end,Moderate,Bus
2025-01-17,15:24:00,South,Pedestrian,Minor,Motorcycle
2025-01-17,15:40:00,North,Single Vehicle,Severe,Car
2025-01-17,00:30:00,Suburban,Collision,Moderate,Auto
2025-01-17,08:20:00,Central,Collision,Moderate,Motorcycle
2025-01-17,05:57:00,South,Rear-end,Minor,Motorcycle
2025-01-17,15:19:00,Central,Single Vehicle,Minor,Motorcycle
2025-01-17,02:38:00,North,Single Vehicle,Severe,Truck
2025-01-17,19:21:00,Highway,Collision,Severe,Car
2025-01-17,03:03:00,North,Collision,Minor,Car
2025-01-17,18:12:00,Central,Rear-end,Minor,Bus
2025-01-17,02:44:00,East,Collision,Minor,Car
2025-01-18,18:41:00,Central,Collision,Minor,Truck
2025-01-18,19:49:00,Unknown,Collision,Moderate,Car
2025-01-18,06:48:00,Highway,Hit-and-run,Fatal,Car
2025-01-18,19:19:00,Highway,Single Vehicle,Minor,Car
2025-01-18,08:51:00,Suburban,Single Vehicle,Minor,Motorcycle
2025-01-18,00:12:00,Highway,Collision,Severe,Truck
2025-01-18,07:16:00,Industrial,Rear-end,Minor,Car
2025-01-18,06:53:00,Central,Single Vehicle,Fatal,Car
2025-01-18,17:35:00,Highway,Collision,Moderate,Auto
2025-01-18,07:32:00,Highway,Hit-and-run,Severe,Motorcycle
2025-01-18,00:00:00,Highway,Rear-end,Minor,Bus
2025-01-18,10:14:00,East,Collision,Minor,Auto
2025-01-18,17:12:00,North,Rear-end,Moderate,Bicycle
2025-01-18,22:16:00,Highway,Collision,Minor,Auto
2025-01-18,09:23:00,Industrial,Hit-and-run,Minor,Car
2025-01-19,02:57:00,Suburban,Collision,Fatal,Bicycle
2025-01-19,06:07:00,Central,Collision,Severe,Bus
2025-01-19,15:49:00,North,Collision,Moderate,Auto
2025-01-19,15:26:00,North,Single Vehicle,Minor,Car
2025-01-19,19:44:00,Highway,Rear-end,Moderate,Bicycle
2025-01-19,16:22:00,North,Rear-end,Moderate,Bus
2025-01-19,01:45:00,Central,Rear-end,Minor,Bus
2025-01-19,00:07:00,Suburban,Rear-end,Severe,Car
2025-01-19,15:07:00,Central,Collision,Minor,Car
2025-01-19,11:58:00,Highway,Pedestrian,Minor,Bicycle
2025-01-19,04:25:00,South,Collision,Minor,Motorcycle
2025-01-19,04:46:00,Highway,Collision,Severe,Car
2025-01-19,22:58:00,West,Hit-and-run,Moderate,Auto
2025-01-19,08:12:00,Highway,Collision,Minor,Car
2025-01-20,08:38:00,Suburban,Collision,Minor,Car
2025-01-20,02:36:00,Central,Rear-end,Minor,Car
2025-01-20,18:48:00,Central,Rear-end,Minor,Car
2025-01-20,15:27:00,North,Hit-and-run,Minor,Car
2025-01-20,15:24:00,Industrial,Hit-and-run,Minor,Car
2025-01-20,02:15:00,Highway,Hit-and-run,Minor,Car
2025-01-20,19:54:00,East,Hit-and-run,Severe,Truck
2025-01-20,23:01:00,West,Collision,Moderate,Auto
2025-01-20,21:53:00,North,Collision,Moderate,Motorcycle
2025-01-20,23:17:00,Highway,Rear-end,Minor,Car
2025-01-20,00:16:00,Suburban,Collision,Minor,Car
2025-01-20,23:29:00,North,Single Vehicle,Minor,Auto
2025-01-20,19:38:00,East,Pedestrian,Minor,Bicycle
2025-01-20,10:12:00,Central,Collision,Minor,Car
2025-01-21,16:31:00,West,Collision,Severe,Car
2025-01-21,07:49:00,East,Collision,Severe,Motorcycle
2025-01-21,03:28:00,Central,Collision,Minor,Bus
2025-01-21,05:45:00,East,Collision,Minor,Motorcycle
2025-01-21,07:29:00,South,Rear-end,Fatal,Truck
2025-01-21,19:17:00,East,Single Vehicle,Minor,Truck
2025-01-21,02:12:00,West,Hit-and-run,Moderate,Bicycle
2025-01-21,15:42:00,Central,Collision,Fatal,Car
2025-01-21,02:20:00,Highway,Rear-end,Fatal,Bicycle
2025-01-21,17:29:00,Industrial,Rear-end,Minor,Car
2025-01-21,13:20:00,South,Pedestrian,Minor,Truck
2025-01-21,17:47:00,Central,Pedestrian,Minor,Motorcycle
2025-01-21,01:54:00,Industrial,Single Vehicle,Severe,Motorcycle
2025-01-21,21:16:00,Suburban,Rear-end,Severe,Truck
2025-01-22,02:39:00,North,Hit-and-run,Moderate,Car
2025-01-22,15:18:00,South,Collision,Moderate,Car
2025-01-22,08:51:00,North,Rear-end,Moderate,Motorcycle
2025-01-22,03:14:00,West,Collision,Moderate,Motorcycle
2025-01-22,00:08:00,Central,Rear-end,Severe,Car
2025-01-22,03:51:00,South,Hit-and-run,Moderate,Auto
2025-01-22,00:09:00,Industrial,Collision,Moderate,Car
2025-01-22,13:43:00,West,Collision,Minor,Car
2025-01-22,20:30:00,South,Collision,Moderate,Car
2025-01-22,15:52:00,East,Collision,Minor,Motorcycle
2025-01-22,19:22:00,West,Collision,Minor,Car
2025-01-22,23:51:00,Central,Collision,Severe,Motorcycle
2025-01-22,07:29:00,Central,Collision,Moderate,Car
2025-01-22,06:32:00,Highway,Collision,Severe,Car
2025-01-22,02:56:00,Central,Single Vehicle,Minor,Bus
2025-01-23,16:51:00,Industrial,Collision,Moderate,Unknown
2025-01-23,00:08:00,Suburban,Collision,Minor,Car
2025-01-23,15:53:00,North,Rear-end,Severe,Car
2025-01-23,11:46:00,South,Single Vehicle,Minor,Auto
2025-01-23,18:00:00,West,Hit-and-run,Moderate,Car
2025-01-23,21:43:00,Highway,Collision,Severe,Auto
2025-01-23,22:34:00,Suburban,Rear-end,Minor,Motorcycle
2025-01-23,21:10:00,Industrial,Hit-and-run,Fatal,Car
2025-01-23,13:33:00,Central,Hit-and-run,Severe,Bus
2025-01-23,05:15:00,Industrial,Hit-and-run,Minor,Auto
2025-01-23,05:08:00,South,Single Vehicle,Minor,Car
2025-01-23,12:31:00,East,Single Vehicle,Minor,Car
2025-01-23,18:14:00,Central,Rear-end,Minor,Motorcycle
2025-01-23,21:11:00,North,Rear-end,Severe,Auto
2025-01-24,07:32:00,Highway,Hit-and-run,Fatal,Truck
2025-01-24,01:44:00,East,Pedestrian,Minor,Car
2025-01-24,20:13:00,South,Collision,Minor,Car
2025-01-24,00:56:00,South,Single Vehicle,Moderate,Car
2025-01-24,14:56:00,Unknown,Collision,Minor,Car
2025-01-24,00:07:00,Industrial,Rear-end,Minor,Car
2025-01-24,04:07:00,North,Single Vehicle,Minor,Truck
2025-01-24,15:26:00,Central,Collision,Moderate,Car
2025-01-24,18:11:00,North,Rear-end,Moderate,Car
2025-01-24,03:00:00,Suburban,Collision,Moderate,Truck
2025-01-24,02:42:00,West,Rear-end,Minor,Car
2025-01-24,16:39:00,East,Collision,Severe,Car
2025-01-24,16:41:00,West,Collision,Moderate,Car
2025-01-24,11:50:00,South,Collision,Severe,Car
2025-01-25,13:10:00,Highway,Single Vehicle,Minor,Auto
2025-01-25,20:38:00,East,Single Vehicle,Severe,Truck
2025-01-25,05:42:00,Central,Collision,Severe,Car
2025-01-25,02:30:00,Central,Hit-and-run,Minor,Car
2025-01-25,08:16:00,East,Collision,Minor,Car
2025-01-25,04:32:00,Suburban,Collision,Severe,Motorcycle
2025-01-25,23:31:00,South,Collision,Moderate,Motorcycle
2025-01-25,16:57:00,Highway,Single Vehicle,Severe,Motorcycle
2025-01-25,13:28:00,Highway,Single Vehicle,Severe,Car
2025-01-25,20:20:00,North,Collision,Moderate,Car
2025-01-25,02:20:00,Central,Collision,Minor,Bus
2025-01-25,00:39:00,Central,Collision,Minor,Auto
2025-01-25,19:22:00,Industrial,Rear-end,Fatal,Auto
2025-01-25,20:55:00,North,Rear-end,Minor,Car
2025-01-25,22:05:00,South,Collision,Minor,Truck
2025-01-26,00:21:00,East,Pedestrian,Moderate,Truck
2025-01-26,02:49:00,Industrial,Collision,Moderate,Auto
2025-01-26,17:37:00,Central,Single Vehicle,Minor,Car
2025-01-26,09:36:00,South,Hit-and-run,Minor,Bus
2025-01-26,21:44:00,East,Rear-end,Minor,Car
2025-01-26,02:50:00,West,Pedestrian,Minor,Truck
2025-01-26,07:53:00,Highway,Pedestrian,Moderate,Car
2025-01-26,13:07:00,Central,Collision,Minor,Bus
2025-01-26,23:40:00,Highway,Collision,Severe,Auto
2025-01-26,17:48:00,Industrial,Single Vehicle,Severe,Car
2025-01-26,14:34:00,West,Collision,Moderate,Motorcycle
2025-01-26,21:50:00,Industrial,Collision,Minor,Car
2025-01-26,22:10:00,South,Rear-end,Moderate,Car
2025-01-26,01:23:00,Central,Pedestrian,Minor,Car
2025-01-27,09:48:00,Industrial,Pedestrian,Minor,Car
2025-01-27,01:20:00,East,Single Vehicle,Severe,Auto
2025-01-27,16:50:00,West,Rear-end,Moderate,Car
2025-01-27,07:01:00,South,Collision,Severe,Truck
2025-01-27,00:39:00,Highway,Rear-end,Minor,Auto
2025-01-27,08:18:00,West,Pedestrian,Minor,Auto
2025-01-27,10:38:00,Central,Collision,Fatal,Bus
2025-01-27,21:27:00,East,Collision,Moderate,Car
2025-01-27,15:58:00,Industrial,Collision,Moderate,Bus
2025-01-27,06:16:00,Highway,Rear-end,Moderate,Car
2025-01-27,09:05:00,East,Single Vehicle,Minor,Auto
2025-01-27,22:18:00,Highway,Hit-and-run,Moderate,Truck
2025-01-27,02:55:00,North,Single Vehicle,Minor,Bus
2025-01-27,17:37:00,South,Collision,Moderate,Car
2025-01-28,23:27:00,Highway,Single Vehicle,Moderate,Motorcycle
2025-01-28,12:01:00,Highway,Pedestrian,Severe,Auto
2025-01-28,06:37:00,Unknown,Collision,Moderate,Auto
2025-01-28,03:54:00,Highway,Single Vehicle,Minor,Car
2025-01-28,12:36:00,Central,Collision,Moderate,Auto
2025-01-28,19:50:00,Highway,Single Vehicle,Minor,Car
2025-01-28,00:51:00,South,Single Vehicle,Minor,Motorcycle
2025-01-28,07:03:00,Central,Pedestrian,Minor,Truck
2025-01-28,13:21:00,North,Rear-end,Moderate,Car
2025-01-28,15:25:00,South,Collision,Minor,Car
2025-01-28,13:48:00,North,Rear-end,Minor,Bus
2025-01-28,11:42:00,South,Collision,Severe,Car
2025-01-28,18:35:00,Central,Pedestrian,Moderate,Car
2025-01-28,22:57:00,South,Pedestrian,Minor,Bus
2025-01-29,14:12:00,West,Single Vehicle,Minor,Auto
2025-01-29,01:51:00,East,Collision,Moderate,Motorcycle
2025-01-29,01:57:00,South,Pedestrian,Severe,Car
2025-01-29,22:31:00,Industrial,Single Vehicle,Minor,Car
2025-01-29,21:16:00,Highway,Pedestrian,Severe,Truck
2025-01-29,18:40:00,Industrial,Collision,Moderate,Motorcycle
2025-01-29,21:35:00,South,Collision,Moderate,Truck
2025-01-29,21:54:00,Industrial,Collision,Fatal,Bus
2025-01-29,16:59:00,Central,Hit-and-run,Moderate,Motorcycle
2025-01-29,19:45:00,Central,Hit-and-run,Severe,Car
2025-01-29,09:18:00,South,Single Vehicle,Minor,Auto
2025-01-29,05:57:00,Highway,Rear-end,Moderate,Motorcycle
2025-01-29,14:59:00,North,Collision,Moderate,Motorcycle
2025-01-29,21:34:00,Central,Hit-and-run,Minor,Auto
2025-01-29,10:45:00,Central,Pedestrian,Moderate,Auto
2025-01-30,04:39:00,Highway,Single Vehicle,Minor,Motorcycle
2025-01-30,00:55:00,West,Pedestrian,Minor,Car
2025-01-30,07:58:00,Unknown,Rear-end,Minor,Bicycle
2025-01-30,20:27:00,West,Hit-and-run,Moderate,Truck
2025-01-30,11:00:00,East,Single Vehicle,Severe,Car
2025-01-30,11:41:00,West,Rear-end,Minor,Motorcycle
2025-01-30,04:17:00,North,Collision,Moderate,Car
2025-01-30,06:47:00,Highway,Collision,Minor,Auto
2025-01-30,03:39:00,South,Collision,Severe,Motorcycle
2025-01-30,05:32:00,Industrial,Hit-and-run,Moderate,Auto
2025-01-30,12:11:00,Central,Collision,Moderate,Auto
2025-01-30,19:07:00,South,Collision,Severe,Auto
2025-01-30,14:23:00,South,Collision,Minor,Truck
2025-01-30,02:15:00,West,Rear-end,Moderate,Auto
2025-01-31,22:49:00,Central,Rear-end,Fatal,Car
2025-01-31,07:03:00,Highway,Hit-and-run,Minor,Car
2025-01-31,19:37:00,North,Collision,Moderate,Auto
2025-01-31,15:43:00,Industrial,Collision,Fatal,Motorcycle
2025-01-31,12:26:00,Highway,Rear-end,Minor,Car
2025-01-31,17:08:00,West,Collision,Severe,Car
2025-01-31,09:46:00,Industrial,Collision,Severe,Car
2025-01-31,18:15:00,Industrial,Collision,Moderate,Bus
2025-01-31,16:55:00,South,Single Vehicle,Minor,Truck
2025-01-31,23:11:00,Highway,Hit-and-run,Minor,Car
2025-01-31,18:30:00,South,Collision,Minor,Auto
2025-01-31,22:23:00,West,Collision,Severe,Car
2025-01-31,04:54:00,Industrial,Single Vehicle,Severe,Bus
2025-01-31,20:13:00,South,Hit-and-run,Moderate,Motorcycle
2025-02-01,22:44:00,South,Rear-end,Minor,Truck
2025-02-01,08:24:00,East,Hit-and-run,Minor,Car
2025-02-01,11:33:00,Highway,Pedestrian,Moderate,Car
2025-02-01,20:02:00,Suburban,Pedestrian,Moderate,Auto
2025-02-01,00:57:00,West,Rear-end,Severe,Car
2025-02-01,00:23:00,Industrial,Rear-end,Moderate,Bicycle
2025-02-01,14:53:00,Highway,Collision,Severe,Truck
2025-02-01,01:41:00,Central,Single Vehicle,Moderate,Motorcycle
2025-02-01,21:08:00,North,Rear-end,Moderate,Truck
2025-02-01,15:25:00,Industrial,Collision,Minor,Car
2025-02-01,07:19:00,Highway,Single Vehicle,Severe,Motorcycle
2025-02-01,12:39:00,Highway,Single Vehicle,Moderate,Bicycle
2025-02-01,20:09:00,South,Single Vehicle,Minor,Car
2025-02-01,00:18:00,Central,Single Vehicle,Minor,Truck
2025-02-01,15:02:00,East,Single Vehicle,Minor,Motorcycle
2025-02-02,06:23:00,North,Collision,Moderate,Truck
2025-02-02,04:04:00,South,Single Vehicle,Minor,Car
2025-02-02,21:02:00,Highway,Pedestrian,Minor,Motorcycle
2025-02-02,22:57:00,Central,Collision,Moderate,Bicycle
2025-02-02,02:26:00,Highway,Collision,Minor,Car
2025-02-02,11:15:00,East,Single Vehicle,Severe,Truck
2025-02-02,15:48:00,West,Collision,Moderate,Motorcycle
2025-02-02,18:14:00,Unknown,Single Vehicle,Moderate,Motorcycle
2025-02-02,04:34:00,South,Collision,Minor,Motorcycle
2025-02-02,21:11:00,Central,Collision,Minor,Motorcycle
2025-02-02,13:40:00,Suburban,Rear-end,Minor,Car
2025-02-02,04:52:00,Highway,Collision,Severe,Auto
2025-02-02,14:43:00,East,Hit-and-run,Moderate,Auto
2025-02-02,16:25:00,North,Rear-end,Minor,Car
2025-02-03,13:46:00,Suburban,Collision,Moderate,Car
2025-02-03,19:33:00,South,Collision,Minor,Bus
2025-02-03,04:22:00,Central,Rear-end,Fatal,Bicycle
2025-02-03,11:30:00,West,Collision,Fatal,Bicycle
2025-02-03,15:49:00,Suburban,Pedestrian,Moderate,Auto
2025-02-03,15:19:00,Central,Rear-end,Moderate,Car
2025-02-03,20:11:00,North,Collision,Severe,Auto
2025-02-03,06:22:00,Suburban,Rear-end,Moderate,Auto
2025-02-03,03:03:00,Central,Collision,Moderate,Car
2025-02-03,00:22:00,Unknown,Collision,Fatal,Car
2025-02-03,04:47:00,West,Collision,Moderate,Motorcycle
2025-02-03,22:54:00,Highway,Single Vehicle,Moderate,Truck
2025-02-03,09:47:00,East,Single Vehicle,Severe,Car
2025-02-03,21:00:00,Suburban,Pedestrian,Moderate,Car
2025-02-04,04:53:00,Industrial,Collision,Moderate,Car
2025-02-04,03:24:00,Central,Collision,Minor,Motorcycle
2025-02-04,01:01:00,Suburban,Rear-end,Minor,Car
2025-02-04,19:29:00,South,Hit-and-run,Minor,Bus
2025-02-04,09:02:00,North,Single Vehicle,Moderate,Car
2025-02-04,18:57:00,West,Collision,Minor,Auto
2025-02-04,00:20:00,South,Collision,Fatal,Auto
2025-02-04,23:24:00,Central,Hit-and-run,Moderate,Auto
2025-02-04,04:19:00,Central,Pedestrian,Moderate,Truck
2025-02-04,12:48:00,East,Single Vehicle,Minor,Car
2025-02-04,03:51:00,Highway,Hit-and-run,Severe,Motorcycle
2025-02-04,15:21:00,West,Single Vehicle,Moderate,Car
2025-02-04,23:20:00,Suburban,Rear-end,Moderate,Bicycle
2025-02-04,15:32:00,North,Single Vehicle,Minor,Car
2025-02-05,22:51:00,North,Single Vehicle,Moderate,Motorcycle
2025-02-05,01:37:00,Central,Single Vehicle,Moderate,Bus
2025-02-05,16:14:00,Central,Collision,Moderate,Auto
2025-02-05,19:57:00,North,Collision,Severe,Bus
2025-02-05,23:57:00,Highway,Rear-end,Severe,Truck
2025-02-05,11:45:00,Highway,Rear-end,Fatal,Motorcycle
2025-02-05,17:51:00,Suburban,Single Vehicle,Moderate,Motorcycle
2025-02-05,02:14:00,North,Collision,Fatal,Car
2025-02-05,00:45:00,Highway,Collision,Severe,Auto
2025-02-05,00:24:00,South,Pedestrian,Minor,Motorcycle
2025-02-05,18:20:00,Central,Collision,Minor,Car
2025-02-05,10:23:00,Highway,Collision,Minor,Auto
2025-02-05,04:56:00,West,Rear-end,Minor,Motorcycle
2025-02-05,11:57:00,Central,Hit-and-run,Minor,Auto
2025-02-05,02:04:00,East,Collision,Minor,Auto
2025-02-06,00:05:00,North,Single Vehicle,Moderate,Bus
2025-02-06,00:48:00,Industrial,Rear-end,Minor,Car
2025-02-06,07:42:00,East,Single Vehicle,Minor,Car
2025-02-06,09:47:00,Suburban,Rear-end,Moderate,Auto
2025-02-06,10:43:00,Central,Collision,Severe,Auto
2025-02-06,11:46:00,South,Collision,Fatal,Motorcycle
2025-02-06,12:22:00,East,Collision,Moderate,Motorcycle
2025-02-06,11:03:00,East,Rear-end,Minor,Car
2025-02-06,13:26:00,South,Collision,Minor,Bicycle
2025-02-06,01:17:00,Industrial,Rear-end,Minor,Car
2025-02-06,18:20:00,Highway,Rear-end,Minor,Car
2025-02-06,17:27:00,Suburban,Collision,Minor,Truck
2025-02-06,02:34:00,Highway,Collision,Fatal,Car
2025-02-06,22:21:00,Highway,Pedestrian,Minor,Unknown
2025-02-07,16:39:00,West,Single Vehicle,Minor,Car
2025-02-07,07:22:00,Highway,Collision,Minor,Car
2025-02-07,09:02:00,South,Collision,Moderate,Motorcycle
2025-02-07,01:39:00,South,Single Vehicle,Minor,Motorcycle
2025-02-07,18:49:00,South,Collision,Minor,Car
2025-02-07,08:09:00,East,Single Vehicle,Minor,Motorcycle
2025-02-07,06:24:00,North,Collision,Minor,Car
2025-02-07,03:51:00,Suburban,Single Vehicle,Minor,Auto
2025-02-07,20:48:00,South,Collision,Moderate,Car
2025-02-07,17:07:00,Central,Single Vehicle,Minor,Bicycle
2025-02-07,12:54:00,East,Collision,Severe,Truck
2025-02-07,10:10:00,Unknown,Hit-and-run,Moderate,Car
2025-02-07,23:04:00,Central,Collision,Moderate,Car
2025-02-07,03:57:00,North,Collision,Minor,Motorcycle
2025-02-08,20:44:00,East,Pedestrian,Minor,Car
2025-02-08,03:52:00,East,Rear-end,Minor,Car
2025-02-08,09:54:00,Highway,Single Vehicle,Moderate,Car
2025-02-08,04:36:00,Industrial,Rear-end,Moderate,Truck
2025-02-08,08:55:00,East,Single Vehicle,Minor,Motorcycle
2025-02-08,23:58:00,South,Rear-end,Moderate,Car
2025-02-08,02:44:00,South,Single Vehicle,Severe,Motorcycle
2025-02-08,16:37:00,Highway,Single Vehicle,Moderate,Bus
2025-02-08,02:28:00,Central,Collision,Minor,Car
2025-02-08,15:04:00,Central,Single Vehicle,Moderate,Auto
2025-02-08,03:08:00,Highway,Single Vehicle,Minor,Motorcycle
2025-02-08,17:58:00,East,Collision,Moderate,Bicycle
2025-02-08,16:47:00,Central,Hit-and-run,Minor,Car
2025-02-08,06:01:00,North,Collision,Minor,Bicycle
2025-02-08,23:00:00,Suburban,Pedestrian,Severe,Truck
2025-02-09,22:39:00,Highway,Collision,Moderate,Motorcycle
2025-02-09,04:59:00,Industrial,Collision,Minor,Motorcycle
2025-02-09,11:50:00,East,Rear-end,Minor,Car
2025-02-09,16:29:00,East,Rear-end,Moderate,Auto
2025-02-09,22:10:00,Suburban,Single Vehicle,Severe,Truck
2025-02-09,12:27:00,Suburban,Single Vehicle,Moderate,Car
2025-02-09,22:43:00,North,Rear-end,Fatal,Car
2025-02-09,02:11:00,Highway,Collision,Minor,Car
2025-02-09,08:38:00,North,Pedestrian,Moderate,Motorcycle
2025-02-09,16:25:00,North,Rear-end,Severe,Motorcycle
2025-02-09,16:12:00,Industrial,Rear-end,Moderate,Motorcycle
2025-02-09,19:58:00,South,Collision,Minor,Car
2025-02-09,15:07:00,Suburban,Rear-end,Moderate,Motorcycle
2025-02-09,21:53:00,Central,Collision,Moderate,Motorcycle
2025-02-10,12:27:00,East,Pedestrian,Moderate,Car
2025-02-10,18:57:00,Suburban,Rear-end,Moderate,Car
2025-02-10,16:29:00,Unknown,Single Vehicle,Moderate,Car
2025-02-10,03:08:00,Central,Rear-end,Moderate,Auto
2025-02-10,11:38:00,South,Collision,Minor,Truck
2025-02-10,08:30:00,West,Single Vehicle,Minor,Bicycle
2025-02-10,18:57:00,Central,Rear-end,Moderate,Car
2025-02-10,11:20:00,Suburban,Collision,Fatal,Auto
2025-02-10,08:55:00,Suburban,Hit-and-run,Minor,Motorcycle
2025-02-10,06:46:00,Unknown,Collision,Moderate,Motorcycle
2025-02-10,13:33:00,Central,Single Vehicle,Minor,Car
2025-02-10,19:54:00,Central,Rear-end,Minor,Truck
2025-02-10,18:30:00,Highway,Hit-and-run,Moderate,Auto
2025-02-10,14:51:00,North,Collision,Moderate,Car
2025-02-11,15:24:00,South,Rear-end,Minor,Car
2025-02-11,20:11:00,East,Single Vehicle,Moderate,Truck
2025-02-11,04:00:00,West,Pedestrian,Severe,Bicycle
2025-02-11,02:54:00,Central,Collision,Fatal,Bus
2025-02-11,11:21:00,North,Collision,Minor,Car
2025-02-11,19:39:00,Suburban,Collision,Moderate,Car
2025-02-11,20:36:00,Highway,Hit-and-run,Minor,Car
2025-02-11,03:46:00,Highway,Pedestrian,Minor,Auto
2025-02-11,20:00:00,Central,Pedestrian,Moderate,Bus
2025-02-11,22:00:00,South,Rear-end,Moderate,Motorcycle
2025-02-11,15:56:00,West,Pedestrian,Minor,Car
2025-02-11,06:41:00,North,Rear-end,Fatal,Auto
2025-02-11,12:53:00,Highway,Collision,Severe,Truck
2025-02-11,20:41:00,West,Rear-end,Moderate,Bicycle
2025-02-12,09:20:00,Central,Single Vehicle,Moderate,Motorcycle
2025-02-12,06:14:00,Highway,Pedestrian,Minor,Auto
2025-02-12,13:16:00,Suburban,Rear-end,Moderate,Bus
2025-02-12,04:21:00,Central,Hit-and-run,Minor,Car
2025-02-12,02:37:00,East,Single Vehicle,Severe,Bicycle
2025-02-12,22:34:00,South,Rear-end,Minor,Car
2025-02-12,10:44:00,South,Collision,Minor,Bus
2025-02-12,10:15:00,Central,Single Vehicle,Moderate,Bicycle
2025-02-12,17:07:00,West,Single Vehicle,Minor,Car
2025-02-12,14:46:00,Suburban,Collision,Minor,Truck
2025-02-12,11:16:00,East,Rear-end,Moderate,Motorcycle
2025-02-12,08:16:00,Central,Rear-end,Severe,Bus
2025-02-12,09:53:00,West,Collision,Moderate,Auto
2025-02-12,11:25:00,South,Single Vehicle,Minor,Motorcycle
2025-02-12,16:12:00,Highway,Rear-end,Minor,Bus
2025-02-13,05:16:00,East,Single Vehicle,Minor,Car
2025-02-13,06:37:00,North,Collision,Moderate,Car
2025-02-13,13:16:00,North,Rear-end,Moderate,Motorcycle
2025-02-13,12:47:00,Highway,Collision,Minor,Truck
2025-02-13,07:13:00,North,Pedestrian,Minor,Car
2025-02-13,09:44:00,Highway,Rear-end,Minor,Truck
2025-02-13,08:05:00,North,Hit-and-run,Minor,Car
2025-02-13,17:34:00,South,Collision,Minor,Bus
2025-02-13,01:45:00,East,Collision,Severe,Car
2025-02-13,04:13:00,Unknown,Collision,Minor,Truck
2025-02-13,04:46:00,Suburban,Collision,Moderate,Truck
2025-02-13,05:07:00,North,Hit-and-run,Moderate,Auto
2025-02-13,18:14:00,South,Rear-end,Minor,Truck
2025-02-13,07:53:00,Central,Rear-end,Moderate,Bus
2025-02-14,15:26:00,East,Rear-end,Moderate,Auto
2025-02-14,12:12:00,East,Collision,Minor,Truck
2025-02-14,00:48:00,Highway,Collision,Severe,Car
2025-02-14,21:30:00,Suburban,Collision,Minor,Auto
2025-02-14,19:52:00,South,Single Vehicle,Severe,Bus
2025-02-14,16:55:00,East,Rear-end,Moderate,Motorcycle
2025-02-14,06:34:00,Highway,Collision,Moderate,Truck
2025-02-14,12:59:00,Highway,Collision,Severe,Auto
2025-02-14,03:05:00,Central,Single Vehicle,Severe,Bicycle
2025-02-14,03:04:00,South,Pedestrian,Moderate,Bicycle
2025-02-14,05:21:00,East,Hit-and-run,Moderate,Car
2025-02-14,18:57:00,North,Rear-end,Minor,Motorcycle
2025-02-14,11:48:00,North,Collision,Moderate,Car
2025-02-14,21:22:00,Central,Single Vehicle,Minor,Car
2025-02-15,06:24:00,West,Pedestrian,Minor,Auto
2025-02-15,09:33:00,North,Collision,Severe,Car
2025-02-15,18:25:00,Central,Single Vehicle,Minor,Truck
2025-02-15,06:46:00,North,Pedestrian,Minor,Truck
2025-02-15,02:04:00,Highway,Collision,Severe,Bus
2025-02-15,12:25:00,Highway,Rear-end,Minor,Car
2025-02-15,12:19:00,East,Collision,Minor,Car
2025-02-15,17:05:00,South,Collision,Moderate,Motorcycle
2025-02-15,19:05:00,Suburban,Hit-and-run,Moderate,Car
2025-02-15,07:58:00,North,Collision,Moderate,Bicycle
2025-02-15,08:49:00,North,Pedestrian,Moderate,Auto
2025-02-15,06:17:00,South,Single Vehicle,Moderate,Motorcycle
2025-02-15,00:03:00,Central,Collision,Moderate,Auto
2025-02-15,02:16:00,South,Rear-end,Moderate,Car
2025-02-15,12:56:00,Suburban,Pedestrian,Moderate,Bus
2025-02-16,16:13:00,West,Pedestrian,Severe,Car
2025-02-16,23:13:00,South,Pedestrian,Minor,Bus
2025-02-16,00:12:00,Suburban,Collision,Minor,Motorcycle
2025-02-16,05:06:00,Central,Rear-end,Minor,Car
2025-02-16,20:43:00,North,Rear-end,Moderate,Car
2025-02-16,05:54:00,West,Single Vehicle,Minor,Car
2025-02-16,11:14:00,West,Collision,Moderate,Bus
2025-02-16,12:18:00,Central,Single Vehicle,Severe,Car
2025-02-16,12:42:00,South,Collision,Moderate,Truck
2025-02-16,14:46:00,West,Single Vehicle,Minor,Truck
2025-02-16,20:43:00,Industrial,Hit-and-run,Moderate,Truck
2025-02-16,15:34:00,West,Rear-end,Minor,Bus
2025-02-16,21:16:00,South,Rear-end,Moderate,Car
2025-02-16,20:34:00,Central,Collision,Moderate,Motorcycle
2025-02-17,10:18:00,East,Collision,Minor,Auto
2025-02-17,04:19:00,Central,Collision,Severe,Motorcycle
2025-02-17,03:35:00,Suburban,Collision,Minor,Motorcycle
2025-02-17,02:34:00,East,Collision,Fatal,Truck
2025-02-17,18:31:00,South,Pedestrian,Minor,Car
2025-02-17,19:57:00,Highway,Rear-end,Minor,Truck
2025-02-17,17:47:00,East,Collision,Minor,Auto
2025-02-17,14:43:00,South,Single Vehicle,Minor,Car
2025-02-17,08:39:00,Highway,Rear-end,Moderate,Auto
2025-02-17,16:23:00,Highway,Single Vehicle,Moderate,Car
2025-02-17,13:16:00,Industrial,Hit-and-run,Severe,Motorcycle
2025-02-17,14:06:00,Central,Collision,Minor,Auto
2025-02-17,00:42:00,West,Rear-end,Minor,Auto
2025-02-17,20:49:00,Highway,Hit-and-run,Moderate,Auto
2025-02-18,21:00:00,Central,Collision,Minor,Auto
2025-02-18,21:34:00,North,Collision,Moderate,Motorcycle
2025-02-18,02:31:00,Highway,Collision,Moderate,Truck
2025-02-18,15:35:00,Central,Collision,Minor,Car
2025-02-18,22:12:00,Industrial,Rear-end,Moderate,Car
2025-02-18,10:05:00,East,Rear-end,Moderate,Motorcycle
2025-02-18,11:57:00,East,Collision,Moderate,Bus
2025-02-18,09:13:00,Central,Hit-and-run,Minor,Motorcycle
2025-02-18,15:36:00,Highway,Rear-end,Minor,Bus
2025-02-18,07:47:00,South,Collision,Minor,Bus
2025-02-18,05:14:00,West,Collision,Minor,Car
2025-02-18,11:46:00,Industrial,Collision,Minor,Truck
2025-02-18,23:03:00,Industrial,Rear-end,Severe,Motorcycle
2025-02-18,20:39:00,Suburban,Collision,Moderate,Motorcycle
2025-02-19,07:58:00,East,Collision,Moderate,Bus
2025-02-19,03:15:00,South,Hit-and-run,Minor,Motorcycle
2025-02-19,07:27:00,Suburban,Rear-end,Severe,Auto
2025-02-19,17:15:00,West,Collision,Minor,Truck
2025-02-19,04:03:00,South,Collision,Severe,Motorcycle
2025-02-19,08:44:00,Central,Rear-end,Fatal,Bus
2025-02-19,03:25:00,Highway,Single Vehicle,Moderate,Car
2025-02-19,21:27:00,South,Pedestrian,Fatal,Car
2025-02-19,16:31:00,Industrial,Rear-end,Moderate,Car
2025-02-19,08:44:00,East,Collision,Minor,Motorcycle
2025-02-19,00:01:00,North,Collision,Minor,Car
2025-02-19,20:30:00,West,Single Vehicle,Minor,Bicycle
2025-02-19,19:02:00,Central,Collision,Minor,Motorcycle
2025-02-19,12:53:00,South,Single Vehicle,Moderate,Truck
2025-02-19,15:07:00,West,Hit-and-run,Minor,Car
2025-02-20,12:23:00,East,Hit-and-run,Severe,Car
2025-02-20,13:14:00,Industrial,Collision,Minor,Car
2025-02-20,02:42:00,Highway,Rear-end,Minor,Truck
2025-02-20,05:30:00,Highway,Rear-end,Fatal,Motorcycle
2025-02-20,17:08:00,Central,Collision,Minor,Motorcycle
2025-02-20,18:38:00,North,Collision,Moderate,Motorcycle
2025-02-20,04:44:00,East,Single Vehicle,Moderate,Bus
2025-02-20,14:01:00,Suburban,Rear-end,Minor,Car
2025-02-20,01:07:00,Highway,Rear-end,Moderate,Bus
2025-02-20,09:06:00,Highway,Collision,Minor,Motorcycle
2025-02-20,23:55:00,South,Hit-and-run,Moderate,Truck
2025-02-20,17:43:00,East,Hit-and-run,Moderate,Car
2025-02-20,12:50:00,East,Rear-end,Minor,Car
2025-02-20,04:38:00,Central,Rear-end,Moderate,Car
2025-02-21,22:41:00,Central,Rear-end,Minor,Bicycle
2025-02-21,23:56:00,Suburban,Rear-end,Moderate,Motorcycle
2025-02-21,00:15:00,North,Collision,Severe,Bicycle
2025-02-21,21:34:00,North,Single Vehicle,Severe,Motorcycle
2025-02-21,00:29:00,Central,Rear-end,Moderate,Car
2025-02-21,17:09:00,Suburban,Collision,Minor,Motorcycle
2025-02-21,14:37:00,West,Rear-end,Fatal,Car
2025-02-21,16:17:00,Industrial,Pedestrian,Minor,Auto
2025-02-21,10:49:00,Suburban,Collision,Moderate,Bus
2025-02-21,20:04:00,South,Collision,Minor,Truck
2025-02-21,21:52:00,West,Hit-and-run,Fatal,Motorcycle
2025-02-21,16:28:00,Central,Collision,Moderate,Motorcycle
2025-02-21,12:38:00,North,Pedestrian,Moderate,Bicycle
2025-02-21,00:59:00,Highway,Collision,Minor,Car
2025-02-22,01:33:00,Highway,Pedestrian,Moderate,Bus
2025-02-22,08:42:00,South,Collision,Moderate,Motorcycle
2025-02-22,02:44:00,South,Collision,Moderate,Bicycle
2025-02-22,00:22:00,East,Single Vehicle,Minor,Auto
2025-02-22,20:04:00,Central,Rear-end,Moderate,Bicycle
2025-02-22,15:29:00,North,Collision,Minor,Motorcycle
2025-02-22,22:05:00,North,Collision,Minor,Car
2025-02-22,05:55:00,North,Rear-end,Minor,Motorcycle
2025-02-22,16:57:00,Highway,Rear-end,Minor,Truck
2025-02-22,04:45:00,North,Single Vehicle,Minor,Bus
2025-02-22,04:43:00,North,Single Vehicle,Minor,Car
2025-02-22,05:03:00,East,Hit-and-run,Minor,Motorcycle
2025-02-22,02:28:00,Highway,Rear-end,Severe,Car
2025-02-22,20:22:00,North,Rear-end,Moderate,Auto
2025-02-23,22:05:00,Central,Hit-and-run,Minor,Car
2025-02-23,04:31:00,South,Collision,Moderate,Truck
2025-02-23,20:41:00,Industrial,Collision,Moderate,Car
2025-02-23,04:17:00,West,Collision,Severe,Car
2025-02-23,09:14:00,Highway,Collision,Minor,Auto
2025-02-23,09:39:00,Suburban,Collision,Minor,Car
2025-02-23,18:57:00,Highway,Rear-end,Fatal,Car
2025-02-23,16:31:00,West,Pedestrian,Minor,Car
2025-02-23,20:08:00,East,Rear-end,Minor,Motorcycle
2025-02-23,13:36:00,Central,Collision,Minor,Truck
2025-02-23,08:09:00,Suburban,Collision,Minor,Car
2025-02-23,13:19:00,South,Rear-end,Fatal,Truck
2025-02-23,00:05:00,Unknown,Collision,Minor,Car
2025-02-23,18:47:00,Industrial,Rear-end,Severe,Auto
2025-02-23,12:55:00,North,Single Vehicle,Fatal,Bus
2025-02-24,12:58:00,West,Collision,Moderate,Bicycle
2025-02-24,03:02:00,West,Collision,Minor,Auto
2025-02-24,00:41:00,East,Rear-end,Minor,Car
2025-02-24,16:10:00,Highway,Single Vehicle,Moderate,Car
2025-02-24,07:42:00,North,Pedestrian,Minor,Bus
2025-02-24,01:16:00,East,Single Vehicle,Moderate,Car
2025-02-24,07:31:00,East,Collision,Minor,Car
2025-02-24,06:03:00,Industrial,Single Vehicle,Severe,Car
2025-02-24,01:03:00,Highway,Collision,Moderate,Motorcycle
2025-02-24,21:16:00,South,Collision,Moderate,Motorcycle
2025-02-24,21:40:00,West,Single Vehicle,Severe,Car
2025-02-24,02:18:00,Central,Single Vehicle,Minor,Car
2025-02-24,17:04:00,Suburban,Collision,Minor,Truck
2025-02-24,11:31:00,South,Collision,Minor,Car
2025-02-25,00:21:00,Industrial,Collision,Minor,Bicycle
2025-02-25,21:55:00,Central,Collision,Moderate,Car
2025-02-25,11:05:00,North,Collision,Minor,Truck
2025-02-25,04:34:00,East,Single Vehicle,Minor,Motorcycle
2025-02-25,16:21:00,Highway,Hit-and-run,Fatal,Car
2025-02-25,15:00:00,East,Pedestrian,Minor,Motorcycle
2025-02-25,14:19:00,Suburban,Pedestrian,Moderate,Motorcycle
2025-02-25,22:21:00,East,Rear-end,Minor,Auto
2025-02-25,14:47:00,East,Pedestrian,Minor,Truck
2025-02-25,04:54:00,Central,Rear-end,Moderate,Car
2025-02-25,20:10:00,Highway,Collision,Severe,Car
2025-02-25,13:12:00,North,Rear-end,Minor,Car
2025-02-25,01:58:00,Highway,Rear-end,Minor,Car
2025-02-25,10:41:00,Suburban,Pedestrian,Minor,Motorcycle
2025-02-26,18:02:00,Suburban,Single Vehicle,Minor,Bicycle
2025-02-26,06:08:00,East,Rear-end,Minor,Motorcycle
2025-02-26,05:59:00,Industrial,Pedestrian,Moderate,Bus
2025-02-26,01:11:00,Highway,Collision,Minor,Truck
2025-02-26,05:22:00,Central,Pedestrian,Minor,Auto
2025-02-26,17:13:00,West,Collision,Moderate,Car
2025-02-26,01:32:00,Central,Collision,Minor,Bus
2025-02-26,17:17:00,East,Collision,Minor,Auto
2025-02-26,14:48:00,Central,Rear-end,Fatal,Car
2025-02-26,18:58:00,North,Collision,Minor,Car
2025-02-26,01:40:00,South,Single Vehicle,Moderate,Bicycle
2025-02-26,19:08:00,East,Collision,Minor,Bus
2025-02-26,05:22:00,West,Single Vehicle,Minor,Car
2025-02-26,00:09:00,Central,Hit-and-run,Minor,Motorcycle
2025-02-26,23:18:00,East,Collision,Minor,Car
2025-02-27,14:46:00,North,Rear-end,Minor,Motorcycle
2025-02-27,22:04:00,West,Pedestrian,Minor,Car
2025-02-27,09:46:00,West,Rear-end,Severe,Car
2025-02-27,18:51:00,West,Hit-and-run,Moderate,Truck
2025-02-27,16:22:00,Industrial,Rear-end,Minor,Bus
2025-02-27,04:29:00,South,Rear-end,Moderate,Auto
2025-02-27,03:24:00,Highway,Single Vehicle,Severe,Car
2025-02-27,09:27:00,East,Collision,Moderate,Auto
2025-02-27,23:33:00,East,Rear-end,Minor,Car
2025-02-27,16:44:00,West,Collision,Severe,Motorcycle
2025-02-27,09:55:00,Central,Pedestrian,Minor,Auto
2025-02-27,16:47:00,West,Pedestrian,Minor,Motorcycle
2025-02-27,19:46:00,West,Collision,Moderate,Car
2025-02-27,23:24:00,South,Collision,Severe,Car
2025-02-28,04:09:00,Central,Collision,Severe,Motorcycle
2025-02-28,01:13:00,Central,Rear-end,Severe,Bus
2025-02-28,05:41:00,Suburban,Rear-end,Minor,Bicycle
2025-02-28,20:56:00,Industrial,Single Vehicle,Severe,Bus
2025-02-28,01:45:00,Central,Rear-end,Minor,Auto
2025-02-28,12:57:00,South,Collision,Minor,Bus
2025-02-28,10:29:00,West,Single Vehicle,Moderate,Auto
2025-02-28,10:54:00,Highway,Rear-end,Minor,Car
2025-02-28,15:40:00,Central,Rear-end,Moderate,Auto
2025-02-28,10:24:00,North,Collision,Minor,Car
2025-02-28,18:13:00,Highway,Rear-end,Severe,Auto
2025-02-28,14:34:00,Central,Single Vehicle,Minor,Car
2025-02-28,22:51:00,North,Rear-end,Minor,Truck
2025-02-28,22:47:00,Suburban,Collision,Severe,Truck
2025-03-01,15:33:00,West,Hit-and-run,Minor,Bicycle
2025-03-01,10:09:00,North,Single Vehicle,Moderate,Bus
2025-03-01,21:34:00,Central,Collision,Moderate,Car
2025-03-01,15:10:00,Central,Rear-end,Moderate,Motorcycle
2025-03-01,07:10:00,North,Single Vehicle,Moderate,Car
2025-03-01,03:20:00,Highway,Collision,Minor,Car
2025-03-01,07:20:00,South,Hit-and-run,Severe,Car
2025-03-01,03:21:00,Industrial,Rear-end,Minor,Car
2025-03-01,23:44:00,Suburban,Hit-and-run,Minor,Motorcycle
2025-03-01,02:06:00,South,Collision,Minor,Auto
2025-03-01,02:54:00,North,Collision,Moderate,Auto
2025-03-01,17:16:00,East,Hit-and-run,Moderate,Car
2025-03-01,18:01:00,Highway,Collision,Severe,Car
2025-03-01,18:11:00,Highway,Rear-end,Moderate,Car
2025-03-02,20:56:00,Central,Collision,Moderate,Car
2025-03-02,04:41:00,Industrial,Collision,Severe,Car
2025-03-02,17:17:00,West,Single Vehicle,Minor,Car
2025-03-02,09:53:00,Highway,Rear-end,Moderate,Motorcycle
2025-03-02,21:58:00,Central,Single Vehicle,Moderate,Motorcycle
2025-03-02,20:10:00,East,Collision,Minor,Motorcycle
2025-03-02,05:15:00,Highway,Rear-end,Severe,Car
2025-03-02,00:48:00,South,Collision,Minor,Truck
2025-03-02,04:50:00,East,Pedestrian,Moderate,Auto
2025-03-02,08:17:00,Central,Pedestrian,Moderate,Car
2025-03-02,11:34:00,North,Collision,Severe,Car
2025-03-02,13:52:00,South,Single Vehicle,Severe,Car
2025-03-02,01:58:00,Suburban,Collision,Moderate,Car
2025-03-02,16:25:00,North,Rear-end,Moderate,Motorcycle
2025-03-02,13:15:00,East,Single Vehicle,Minor,Car
2025-03-03,12:05:00,Industrial,Single Vehicle,Minor,Motorcycle
2025-03-03,08:56:00,Central,Single Vehicle,Severe,Car
2025-03-03,14:43:00,East,Collision,Severe,Truck
2025-03-03,21:42:00,Industrial,Collision,Severe,Car
2025-03-03,14:46:00,Highway,Collision,Minor,Motorcycle
2025-03-03,23:46:00,West,Rear-end,Severe,Car
2025-03-03,10:47:00,Industrial,Pedestrian,Severe,Car
2025-03-03,15:41:00,Central,Collision,Minor,Auto
2025-03-03,16:11:00,Suburban,Hit-and-run,Moderate,Truck
2025-03-03,03:59:00,Central,Collision,Moderate,Car
2025-03-03,00:12:00,Highway,Collision,Moderate,Truck
2025-03-03,07:03:00,North,Hit-and-run,Fatal,Motorcycle
2025-03-03,16:38:00,Suburban,Rear-end,Minor,Motorcycle
2025-03-03,02:53:00,Industrial,Pedestrian,Moderate,Car
2025-03-04,19:01:00,Industrial,Collision,Severe,Auto
2025-03-04,14:25:00,North,Pedestrian,Moderate,Car
2025-03-04,14:58:00,East,Collision,Severe,Car
2025-03-04,23:26:00,West,Collision,Moderate,Car
2025-03-04,21:26:00,Highway,Hit-and-run,Minor,Bus
2025-03-04,13:14:00,Central,Single Vehicle,Minor,Auto
2025-03-04,22:07:00,Suburban,Collision,Minor,Auto
2025-03-04,13:06:00,Highway,Collision,Moderate,Bus
2025-03-04,23:46:00,North,Rear-end,Severe,Bicycle
2025-03-04,01:54:00,Highway,Collision,Minor,Truck
2025-03-04,12:45:00,East,Pedestrian,Minor,Bus
2025-03-04,13:39:00,East,Pedestrian,Minor,Bicycle
2025-03-04,23:59:00,South,Collision,Moderate,Car
2025-03-04,18:11:00,West,Rear-end,Fatal,Truck
2025-03-05,06:12:00,Industrial,Pedestrian,Moderate,Truck
2025-03-05,02:42:00,South,Collision,Moderate,Auto
2025-03-05,14:16:00,West,Hit-and-run,Moderate,Auto
2025-03-05,22:16:00,Industrial,Collision,Minor,Auto
2025-03-05,13:55:00,Industrial,Rear-end,Moderate,Auto
2025-03-05,10:35:00,Central,Collision,Moderate,Motorcycle
2025-03-05,14:20:00,Highway,Pedestrian,Moderate,Car
2025-03-05,12:07:00,East,Collision,Severe,Car
2025-03-05,17:04:00,North,Collision,Moderate,Motorcycle
2025-03-05,05:25:00,North,Single Vehicle,Moderate,Motorcycle
2025-03-05,02:15:00,East,Collision,Severe,Motorcycle
2025-03-05,18:35:00,Highway,Rear-end,Fatal,Car
2025-03-05,14:27:00,South,Collision,Moderate,Auto
2025-03-05,22:53:00,Industrial,Collision,Minor,Car
2025-03-05,04:28:00,Central,Single Vehicle,Minor,Auto
2025-03-06,09:46:00,East,Pedestrian,Moderate,Auto
2025-03-06,06:11:00,Suburban,Collision,Minor,Motorcycle
2025-03-06,16:36:00,Highway,Hit-and-run,Minor,Motorcycle
2025-03-06,06:29:00,North,Rear-end,Minor,Bus
2025-03-06,21:22:00,East,Single Vehicle,Moderate,Truck
2025-03-06,11:15:00,North,Collision,Moderate,Car
2025-03-06,16:13:00,South,Rear-end,Minor,Car
2025-03-06,12:09:00,Highway,Rear-end,Minor,Car
2025-03-06,19:06:00,Highway,Rear-end,Moderate,Car
2025-03-06,03:44:00,North,Rear-end,Minor,Car
2025-03-06,09:51:00,Suburban,Collision,Minor,Car
2025-03-06,02:59:00,West,Pedestrian,Moderate,Truck
2025-03-06,08:36:00,South,Rear-end,Moderate,Bicycle
2025-03-06,12:28:00,East,Single Vehicle,Minor,Truck
2025-03-07,17:02:00,West,Collision,Moderate,Auto
2025-03-07,14:14:00,West,Hit-and-run,Minor,Bus
2025-03-07,03:35:00,East,Single Vehicle,Severe,Truck
2025-03-07,14:46:00,East,Hit-and-run,Minor,Car
2025-03-07,21:45:00,Central,Single Vehicle,Minor,Car
2025-03-07,01:51:00,Highway,Pedestrian,Moderate,Auto
2025-03-07,14:18:00,West,Collision,Moderate,Auto
2025-03-07,07:12:00,Central,Rear-end,Minor,Motorcycle
2025-03-07,07:41:00,Highway,Collision,Minor,Car
2025-03-07,16:20:00,Suburban,Rear-end,Severe,Bus
2025-03-07,11:36:00,Suburban,Collision,Moderate,Car
2025-03-07,18:26:00,South,Pedestrian,Minor,Car
2025-03-07,09:54:00,Central,Rear-end,Moderate,Bus
2025-03-07,08:51:00,East,Rear-end,Minor,Motorcycle
2025-03-08,04:28:00,Central,Collision,Moderate,Truck
2025-03-08,05:19:00,Suburban,Single Vehicle,Minor,Auto
2025-03-08,19:24:00,North,Collision,Minor,Motorcycle
2025-03-08,01:05:00,North,Collision,Minor,Motorcycle
2025-03-08,23:35:00,South,Collision,Minor,Car
2025-03-08,12:01:00,Unknown,Single Vehicle,Minor,Car
2025-03-08,05:21:00,Highway,Single Vehicle,Minor,Bus
2025-03-08,04:31:00,East,Hit-and-run,Minor,Motorcycle
2025-03-08,00:15:00,Central,Single Vehicle,Minor,Car
2025-03-08,20:17:00,North,Collision,Moderate,Car
2025-03-08,21:04:00,East,Single Vehicle,Minor,Motorcycle
2025-03-08,20:53:00,Central,Collision,Moderate,Motorcycle
2025-03-08,05:35:00,West,Collision,Minor,Truck
2025-03-08,05:29:00,West,Collision,Minor,Motorcycle
2025-03-09,22:44:00,Industrial,Rear-end,Moderate,Car
2025-03-09,15:18:00,Suburban,Pedestrian,Fatal,Motorcycle
2025-03-09,03:22:00,Suburban,Collision,Minor,Auto
2025-03-09,10:33:00,Suburban,Single Vehicle,Minor,Car
2025-03-09,23:12:00,North,Rear-end,Moderate,Truck
2025-03-09,22:42:00,Central,Collision,Severe,Motorcycle
2025-03-09,08:53:00,South,Rear-end,Fatal,Bus
2025-03-09,22:28:00,Highway,Hit-and-run,Moderate,Car
2025-03-09,02:35:00,Suburban,Pedestrian,Minor,Auto
2025-03-09,18:21:00,Highway,Rear-end,Moderate,Truck
2025-03-09,07:51:00,Central,Rear-end,Moderate,Auto
2025-03-09,04:51:00,Suburban,Collision,Moderate,Car
2025-03-09,03:46:00,East,Hit-and-run,Severe,Truck
2025-03-09,23:35:00,Central,Single Vehicle,Moderate,Bus
2025-03-09,05:08:00,East,Collision,Moderate,Car
2025-03-10,01:38:00,Central,Single Vehicle,Minor,Car
2025-03-10,19:50:00,West,Rear-end,Moderate,Truck
2025-03-10,10:18:00,South,Collision,Minor,Car
2025-03-10,03:37:00,East,Single Vehicle,Minor,Truck
2025-03-10,14:05:00,West,Rear-end,Minor,Car
2025-03-10,05:51:00,Highway,Collision,Minor,Car
2025-03-10,21:46:00,Industrial,Collision,Moderate,Truck
2025-03-10,16:14:00,East,Collision,Severe,Car
2025-03-10,23:56:00,Highway,Pedestrian,Minor,Bicycle
2025-03-10,05:19:00,Highway,Rear-end,Moderate,Auto
2025-03-10,18:08:00,Central,Single Vehicle,Minor,Truck
2025-03-10,01:31:00,East,Collision,Minor,Bus
2025-03-10,14:03:00,North,Collision,Fatal,Auto
2025-03-10,10:49:00,Central,Collision,Severe,Car
2025-03-11,07:17:00,Industrial,Rear-end,Minor,Auto
2025-03-11,18:04:00,Highway,Single Vehicle,Moderate,Car
2025-03-11,12:19:00,Central,Hit-and-run,Minor,Car
2025-03-11,11:22:00,Highway,Collision,Fatal,Motorcycle
2025-03-11,04:10:00,Highway,Single Vehicle,Minor,Truck
2025-03-11,05:36:00,Suburban,Pedestrian,Minor,Car
2025-03-11,21:21:00,North,Collision,Moderate,Car
2025-03-11,03:57:00,Highway,Pedestrian,Severe,Motorcycle
2025-03-11,18:03:00,South,Collision,Minor,Car
2025-03-11,19:28:00,West,Collision,Moderate,Bus
2025-03-11,00:43:00,Central,Collision,Minor,Truck
2025-03-11,19:33:00,Central,Rear-end,Severe,Unknown
2025-03-11,16:12:00,Industrial,Rear-end,Minor,Car
2025-03-11,11:41:00,East,Collision,Severe,Truck
2025-03-12,14:08:00,North,Collision,Moderate,Motorcycle
2025-03-12,00:41:00,North,Pedestrian,Minor,Car
2025-03-12,13:30:00,Industrial,Single Vehicle,Fatal,Car
2025-03-12,05:06:00,Central,Pedestrian,Fatal,Car
2025-03-12,04:03:00,Highway,Collision,Moderate,Car
2025-03-12,10:18:00,Central,Collision,Minor,Motorcycle
2025-03-12,03:41:00,North,Collision,Moderate,Bus
2025-03-12,12:29:00,South,Collision,Moderate,Motorcycle
2025-03-12,10:30:00,East,Rear-end,Moderate,Auto
2025-03-12,02:34:00,South,Rear-end,Moderate,Car
2025-03-12,00:56:00,South,Hit-and-run,Minor,Motorcycle
2025-03-12,05:20:00,Suburban,Hit-and-run,Moderate,Motorcycle
2025-03-12,17:30:00,West,Collision,Moderate,Truck
2025-03-12,23:18:00,Central,Collision,Minor,Truck
2025-03-12,09:30:00,East,Hit-and-run,Moderate,Truck
2025-03-13,04:52:00,Highway,Collision,Moderate,Truck
2025-03-13,22:31:00,South,Collision,Moderate,Car
2025-03-13,09:01:00,Central,Collision,Minor,Truck
2025-03-13,11:58:00,Industrial,Collision,Moderate,Truck
2025-03-13,01:51:00,West,Collision,Minor,Bicycle
2025-03-13,12:09:00,West,Pedestrian,Moderate,Truck
2025-03-13,07:01:00,Central,Single Vehicle,Moderate,Truck
2025-03-13,01:01:00,Central,Collision,Moderate,Motorcycle
2025-03-13,19:59:00,West,Collision,Minor,Auto
2025-03-13,00:23:00,North,Hit-and-run,Moderate,Bicycle
2025-03-13,04:16:00,East,Collision,Fatal,Bus
2025-03-13,08:31:00,West,Rear-end,Minor,Motorcycle
2025-03-13,16:15:00,North,Collision,Severe,Car
2025-03-13,08:15:00,Suburban,Collision,Moderate,Truck
2025-03-14,10:45:00,Highway,Pedestrian,Moderate,Truck
2025-03-14,14:38:00,Industrial,Pedestrian,Minor,Bus
2025-03-14,23:52:00,Central,Collision,Minor,Car
2025-03-14,05:30:00,Central,Collision,Severe,Truck
2025-03-14,22:42:00,East,Collision,Minor,Car
2025-03-14,02:23:00,Central,Collision,Minor,Bus
2025-03-14,16:00:00,Suburban,Single Vehicle,Moderate,Car
2025-03-14,04:10:00,Central,Hit-and-run,Minor,Truck
2025-03-14,11:54:00,East,Rear-end,Severe,Car
2025-03-14,17:20:00,South,Pedestrian,Moderate,Car
2025-03-14,13:03:00,West,Single Vehicle,Severe,Truck
2025-03-14,20:06:00,Central,Pedestrian,Moderate,Car
2025-03-14,23:25:00,East,Collision,Minor,Truck
2025-03-14,10:46:00,North,Collision,Minor,Auto
2025-03-15,08:49:00,Highway,Hit-and-run,Moderate,Bicycle
2025-03-15,01:11:00,Central,Collision,Minor,Car
2025-03-15,11:30:00,Suburban,Single Vehicle,Fatal,Bus
2025-03-15,02:16:00,Highway,Hit-and-run,Moderate,Car
2025-03-15,02:32:00,South,Single Vehicle,Minor,Auto
2025-03-15,00:10:00,Highway,Collision,Severe,Bus
2025-03-15,07:27:00,Central,Single Vehicle,Minor,Car
2025-03-15,21:31:00,Suburban,Collision,Minor,Car
2025-03-15,07:00:00,East,Single Vehicle,Moderate,Car
2025-03-15,10:46:00,South,Collision,Severe,Bus
2025-03-15,08:27:00,South,Rear-end,Moderate,Car
2025-03-15,04:52:00,Central,Pedestrian,Minor,Truck
2025-03-15,13:41:00,Suburban,Rear-end,Minor,Motorcycle
2025-03-15,02:06:00,Central,Rear-end,Minor,Bicycle
2025-03-16,20:01:00,West,Single Vehicle,Minor,Auto
2025-03-16,04:41:00,East,Rear-end,Minor,Motorcycle
2025-03-16,04:23:00,Suburban,Rear-end,Moderate,Truck
2025-03-16,18:03:00,North,Collision,Severe,Auto
2025-03-16,13:43:00,East,Single Vehicle,Minor,Auto
2025-03-16,03:18:00,East,Hit-and-run,Minor,Car
2025-03-16,12:25:00,Industrial,Rear-end,Severe,Car
2025-03-16,09:10:00,Central,Collision,Moderate,Car
2025-03-16,17:39:00,North,Rear-end,Severe,Motorcycle
2025-03-16,07:49:00,North,Collision,Minor,Car
2025-03-16,07:42:00,Industrial,Collision,Minor,Motorcycle
2025-03-16,06:10:00,North,Rear-end,Moderate,Truck
2025-03-16,07:44:00,West,Collision,Moderate,Motorcycle
2025-03-16,13:02:00,North,Collision,Moderate,Truck
2025-03-16,18:11:00,Highway,Hit-and-run,Moderate,Car
2025-03-17,05:02:00,Suburban,Collision,Minor,Auto
2025-03-17,00:41:00,East,Collision,Minor,Auto
2025-03-17,22:26:00,South,Collision,Moderate,Motorcycle
2025-03-17,14:48:00,North,Rear-end,Minor,Auto
2025-03-17,00:53:00,Central,Hit-and-run,Moderate,Car
2025-03-17,16:01:00,North,Hit-and-run,Minor,Bus
2025-03-17,00:48:00,West,Collision,Minor,Car
2025-03-17,14:15:00,East,Collision,Minor,Car
2025-03-17,22:01:00,Suburban,Collision,Minor,Car
2025-03-17,01:59:00,South,Rear-end,Minor,Motorcycle
2025-03-17,13:53:00,Industrial,Single Vehicle,Moderate,Car
2025-03-17,20:29:00,East,Collision,Severe,Truck
2025-03-17,07:19:00,East,Collision,Minor,Car
2025-03-17,07:37:00,North,Collision,Minor,Auto
2025-03-18,18:27:00,East,Rear-end,Fatal,Truck
2025-03-18,06:24:00,East,Hit-and-run,Minor,Car
2025-03-18,18:31:00,Industrial,Hit-and-run,Minor,Car
2025-03-18,05:09:00,Suburban,Single Vehicle,Minor,Auto
2025-03-18,05:59:00,South,Rear-end,Moderate,Car
2025-03-18,02:41:00,Central,Collision,Minor,Motorcycle
2025-03-18,06:39:00,East,Collision,Moderate,Truck
2025-03-18,18:32:00,West,Hit-and-run,Minor,Car
2025-03-18,07:12:00,Central,Rear-end,Minor,Car
2025-03-18,09:55:00,Highway,Rear-end,Minor,Motorcycle
2025-03-18,19:40:00,Suburban,Hit-and-run,Moderate,Car
2025-03-18,14:53:00,Suburban,Hit-and-run,Moderate,Car
2025-03-18,14:41:00,North,Single Vehicle,Minor,Car
2025-03-18,00:46:00,Highway,Rear-end,Minor,Car
2025-03-19,19:36:00,Industrial,Pedestrian,Moderate,Car
2025-03-19,06:53:00,East,Collision,Severe,Bicycle
2025-03-19,03:15:00,West,Hit-and-run,Minor,Motorcycle
2025-03-19,05:44:00,Highway,Single Vehicle,Moderate,Bus
2025-03-19,00:21:00,East,Rear-end,Minor,Car
2025-03-19,04:56:00,South,Pedestrian,Minor,Car
2025-03-19,22:19:00,East,Hit-and-run,Minor,Bus
2025-03-19,00:49:00,West,Collision,Moderate,Truck
2025-03-19,03:42:00,North,Rear-end,Minor,Car
2025-03-19,21:26:00,Highway,Collision,Severe,Car
2025-03-19,01:40:00,Industrial,Single Vehicle,Moderate,Motorcycle
2025-03-19,09:15:00,West,Pedestrian,Severe,Auto
2025-03-19,04:33:00,Central,Collision,Minor,Car
2025-03-19,09:31:00,West,Collision,Minor,Motorcycle
2025-03-19,00:25:00,Central,Rear-end,Fatal,Truck
2025-03-20,21:24:00,Central,Collision,Moderate,Bicycle
2025-03-20,05:01:00,East,Collision,Severe,Bus
2025-03-20,12:11:00,South,Rear-end,Minor,Car
2025-03-20,14:39:00,West,Rear-end,Minor,Truck
2025-03-20,03:08:00,Central,Collision,Moderate,Bus
2025-03-20,12:11:00,East,Pedestrian,Minor,Truck
2025-03-20,23:25:00,Central,Single Vehicle,Moderate,Auto
2025-03-20,19:08:00,Suburban,Pedestrian,Minor,Auto
2025-03-20,23:09:00,West,Pedestrian,Minor,Car
2025-03-20,14:31:00,Industrial,Collision,Minor,Car
2025-03-20,07:56:00,South,Collision,Minor,Bus
2025-03-20,04:33:00,Central,Collision,Minor,Car
2025-03-20,14:47:00,Suburban,Pedestrian,Moderate,Car
2025-03-20,03:19:00,North,Single Vehicle,Minor,Car
2025-03-21,11:38:00,East,Hit-and-run,Minor,Bus
2025-03-21,12:59:00,West,Single Vehicle,Severe,Car
2025-03-21,01:01:00,Central,Hit-and-run,Minor,Truck
2025-03-21,18:00:00,Highway,Rear-end,Minor,Car
2025-03-21,18:50:00,East,Rear-end,Moderate,Car
2025-03-21,03:59:00,North,Collision,Severe,Car
2025-03-21,03:35:00,Central,Collision,Minor,Car
2025-03-21,10:23:00,Central,Hit-and-run,Minor,Auto
2025-03-21,04:53:00,Highway,Rear-end,Moderate,Auto
2025-03-21,19:26:00,Industrial,Rear-end,Minor,Bus
2025-03-21,10:01:00,North,Rear-end,Moderate,Car
2025-03-21,09:30:00,Central,Collision,Fatal,Motorcycle
2025-03-21,07:56:00,Industrial,Rear-end,Severe,Car
2025-03-21,05:13:00,West,Rear-end,Minor,Car
2025-03-22,05:01:00,South,Rear-end,Minor,Motorcycle
2025-03-22,07:28:00,South,Pedestrian,Fatal,Truck
2025-03-22,22:14:00,North,Rear-end,Minor,Car
2025-03-22,14:11:00,Industrial,Rear-end,Minor,Car
2025-03-22,13:36:00,Suburban,Single Vehicle,Moderate,Auto
2025-03-22,10:27:00,Central,Single Vehicle,Minor,Motorcycle
2025-03-22,11:19:00,West,Single Vehicle,Minor,Auto
2025-03-22,12:38:00,East,Collision,Severe,Bicycle
2025-03-22,07:23:00,East,Collision,Minor,Motorcycle
2025-03-22,17:20:00,North,Collision,Minor,Car
2025-03-22,00:09:00,Highway,Collision,Minor,Bus
2025-03-22,14:45:00,East,Single Vehicle,Moderate,Car
2025-03-22,07:13:00,West,Hit-and-run,Minor,Car
2025-03-22,10:36:00,South,Collision,Minor,Bus
2025-03-23,11:17:00,North,Collision,Moderate,Motorcycle
2025-03-23,11:23:00,Central,Collision,Severe,Car
2025-03-23,03:13:00,Industrial,Hit-and-run,Minor,Truck
2025-03-23,15:33:00,North,Hit-and-run,Severe,Truck
2025-03-23,03:57:00,Industrial,Single Vehicle,Minor,Car
2025-03-23,04:11:00,South,Single Vehicle,Moderate,Car
2025-03-23,23:21:00,South,Collision,Minor,Car
2025-03-23,04:55:00,East,Collision,Minor,Car
2025-03-23,07:05:00,South,Collision,Moderate,Bus
2025-03-23,09:35:00,Central,Collision,Minor,Truck
2025-03-23,16:44:00,South,Single Vehicle,Minor,Truck
2025-03-23,08:35:00,Industrial,Rear-end,Minor,Car
2025-03-23,21:21:00,Industrial,Hit-and-run,Moderate,Car
2025-03-23,18:13:00,North,Rear-end,Minor,Car
2025-03-23,13:15:00,East,Collision,Minor,Car
2025-03-24,07:35:00,North,Collision,Minor,Car
2025-03-24,08:55:00,North,Rear-end,Minor,Car
2025-03-24,21:24:00,Central,Hit-and-run,Minor,Car
2025-03-24,10:31:00,Highway,Collision,Minor,Bus
2025-03-24,22:32:00,North,Hit-and-run,Minor,Bus
2025-03-24,00:44:00,North,Pedestrian,Minor,Motorcycle
2025-03-24,13:35:00,North,Rear-end,Moderate,Car
2025-03-24,04:19:00,Central,Pedestrian,Moderate,Auto
2025-03-24,20:17:00,West,Rear-end,Severe,Bicycle
2025-03-24,13:37:00,Central,Hit-and-run,Minor,Car
2025-03-24,03:02:00,Central,Pedestrian,Fatal,Truck
2025-03-24,21:22:00,West,Single Vehicle,Minor,Auto
2025-03-24,22:31:00,South,Collision,Fatal,Motorcycle
2025-03-24,00:44:00,Industrial,Rear-end,Minor,Car
2025-03-25,21:58:00,West,Collision,Minor,Motorcycle
2025-03-25,22:15:00,North,Collision,Minor,Motorcycle
2025-03-25,18:58:00,West,Hit-and-run,Minor,Car
2025-03-25,07:04:00,Central,Single Vehicle,Severe,Auto
2025-03-25,14:03:00,East,Rear-end,Moderate,Bus
2025-03-25,20:20:00,East,Collision,Fatal,Car
2025-03-25,14:39:00,North,Collision,Moderate,Motorcycle
2025-03-25,08:50:00,West,Rear-end,Minor,Truck
2025-03-25,20:13:00,Highway,Collision,Minor,Car
2025-03-25,08:38:00,Suburban,Collision,Fatal,Car
2025-03-25,09:30:00,West,Hit-and-run,Moderate,Auto
2025-03-25,19:13:00,South,Collision,Moderate,Motorcycle
2025-03-25,20:05:00,North,Rear-end,Minor,Car
2025-03-25,08:11:00,North,Pedestrian,Moderate,Car
2025-03-26,02:15:00,East,Collision,Severe,Motorcycle
2025-03-26,19:16:00,South,Rear-end,Minor,Motorcycle
2025-03-26,10:44:00,Suburban,Hit-and-run,Minor,Car
2025-03-26,05:22:00,South,Hit-and-run,Minor,Truck
2025-03-26,01:13:00,South,Rear-end,Severe,Car
2025-03-26,06:06:00,South,Collision,Minor,Car
2025-03-26,17:45:00,Highway,Pedestrian,Minor,Motorcycle
2025-03-26,01:31:00,West,Pedestrian,Minor,Car
2025-03-26,16:14:00,West,Collision,Moderate,Auto
2025-03-26,10:43:00,South,Collision,Minor,Car
2025-03-26,11:16:00,Highway,Collision,Minor,Truck
2025-03-26,18:40:00,Central,Collision,Fatal,Car
2025-03-26,21:53:00,Highway,Rear-end,Fatal,Car
2025-03-26,23:46:00,East,Collision,Minor,Bus
2025-03-26,06:43:00,South,Collision,Moderate,Motorcycle
2025-03-27,19:33:00,East,Pedestrian,Moderate,Truck
2025-03-27,05:04:00,Industrial,Collision,Minor,Motorcycle
2025-03-27,20:44:00,Central,Pedestrian,Minor,Motorcycle
2025-03-27,23:26:00,Highway,Pedestrian,Moderate,Bus
2025-03-27,00:51:00,East,Collision,Minor,Motorcycle
2025-03-27,16:22:00,South,Hit-and-run,Minor,Motorcycle
2025-03-27,10:39:00,Central,Pedestrian,Severe,Bus
2025-03-27,21:58:00,East,Rear-end,Moderate,Auto
2025-03-27,17:13:00,East,Collision,Moderate,Car
2025-03-27,20:14:00,South,Rear-end,Minor,Motorcycle
2025-03-27,16:42:00,Industrial,Single Vehicle,Moderate,Car
2025-03-27,06:32:00,East,Hit-and-run,Minor,Car
2025-03-27,16:52:00,Suburban,Collision,Moderate,Car
2025-03-27,19:30:00,West,Hit-and-run,Moderate,Auto
2025-03-28,08:34:00,Highway,Rear-end,Moderate,Motorcycle
2025-03-28,16:16:00,Central,Rear-end,Minor,Truck
2025-03-28,19:27:00,South,Hit-and-run,Moderate,Car
2025-03-28,21:18:00,South,Rear-end,Severe,Motorcycle
2025-03-28,21:45:00,West,Pedestrian,Moderate,Auto
2025-03-28,07:53:00,Highway,Hit-and-run,Minor,Car
2025-03-28,16:22:00,Central,Rear-end,Moderate,Car
2025-03-28,06:31:00,Central,Collision,Minor,Motorcycle
2025-03-28,00:39:00,Highway,Pedestrian,Severe,Truck
2025-03-28,12:12:00,North,Single Vehicle,Moderate,Motorcycle
2025-03-28,22:58:00,Industrial,Collision,Minor,Motorcycle
2025-03-28,18:19:00,West,Rear-end,Minor,Truck
2025-03-28,23:34:00,Highway,Collision,Minor,Car
2025-03-28,18:04:00,Central,Pedestrian,Severe,Bus
2025-03-29,16:08:00,Central,Hit-and-run,Minor,Car
2025-03-29,12:28:00,West,Collision,Minor,Car
2025-03-29,15:05:00,Suburban,Single Vehicle,Severe,Truck
2025-03-29,07:24:00,South,Collision,Minor,Auto
2025-03-29,18:30:00,South,Pedestrian,Minor,Bus
2025-03-29,17:21:00,West,Rear-end,Moderate,Truck
2025-03-29,00:01:00,Suburban,Collision,Minor,Car
2025-03-29,13:44:00,Highway,Collision,Minor,Car
2025-03-29,18:04:00,Suburban,Collision,Minor,Car
2025-03-29,14:59:00,Central,Hit-and-run,Moderate,Auto
2025-03-29,17:26:00,Central,Rear-end,Severe,Auto
2025-03-29,01:24:00,West,Collision,Minor,Bicycle
2025-03-29,21:07:00,Highway,Collision,Minor,Car
2025-03-29,16:54:00,North,Collision,Minor,Motorcycle
2025-03-30,17:00:00,North,Pedestrian,Severe,Truck
2025-03-30,05:19:00,Highway,Hit-and-run,Minor,Truck
2025-03-30,18:43:00,Central,Collision,Severe,Truck
2025-03-30,03:22:00,South,Rear-end,Minor,Bus
2025-03-30,00:31:00,East,Collision,Severe,Car
2025-03-30,07:10:00,West,Single Vehicle,Moderate,Car
2025-03-30,22:38:00,Unknown,Single Vehicle,Moderate,Car
2025-03-30,06:46:00,South,Hit-and-run,Minor,Car
2025-03-30,02:53:00,West,Single Vehicle,Moderate,Car
2025-03-30,09:23:00,West,Pedestrian,Minor,Car
2025-03-30,09:10:00,West,Pedestrian,Minor,Car
2025-03-30,18:28:00,West,Rear-end,Minor,Truck
2025-03-30,13:53:00,North,Collision,Severe,Auto
2025-03-30,01:25:00,Central,Collision,Moderate,Auto
2025-03-30,00:15:00,Central,Collision,Moderate,Car
2025-03-31,22:34:00,North,Hit-and-run,Moderate,Car
2025-03-31,22:19:00,East,Collision,Minor,Car
2025-03-31,17:45:00,Highway,Collision,Severe,Bicycle
2025-03-31,06:02:00,Industrial,Rear-end,Moderate,Motorcycle
2025-03-31,07:00:00,Highway,Collision,Moderate,Car
2025-03-31,00:57:00,South,Rear-end,Minor,Auto
2025-03-31,22:52:00,South,Single Vehicle,Fatal,Car
2025-03-31,02:46:00,South,Pedestrian,Severe,Auto
2025-03-31,23:00:00,North,Hit-and-run,Moderate,Car
2025-03-31,22:16:00,Central,Rear-end,Minor,Car
2025-03-31,07:01:00,West,Rear-end,Moderate,Motorcycle
2025-03-31,21:28:00,Suburban,Collision,Moderate,Auto
2025-03-31,14:19:00,Central,Single Vehicle,Minor,Auto
2025-03-31,04:05:00,Central,Collision,Minor,Motorcycle
2025-04-01,02:07:00,Highway,Collision,Minor,Car
2025-04-01,18:28:00,North,Pedestrian,Moderate,Car
2025-04-01,00:47:00,Highway,Collision,Minor,Bicycle
2025-04-01,14:50:00,Industrial,Collision,Minor,Motorcycle
2025-04-01,07:32:00,Suburban,Collision,Moderate,Bus
2025-04-01,01:02:00,South,Collision,Moderate,Motorcycle
2025-04-01,02:59:00,Industrial,Collision,Minor,Motorcycle
2025-04-01,23:34:00,East,Collision,Minor,Motorcycle
2025-04-01,13:04:00,West,Hit-and-run,Severe,Truck
2025-04-01,23:26:00,East,Pedestrian,Moderate,Auto
2025-04-01,13:43:00,North,Collision,Minor,Motorcycle
2025-04-01,10:11:00,East,Single Vehicle,Severe,Motorcycle
2025-04-01,15:19:00,East,Collision,Minor,Car
2025-04-01,03:44:00,Highway,Collision,Fatal,Car
2025-04-02,19:19:00,Industrial,Collision,Minor,Auto
2025-04-02,04:08:00,Industrial,Hit-and-run,Minor,Car
2025-04-02,21:38:00,Central,Rear-end,Minor,Bus
2025-04-02,20:03:00,Industrial,Rear-end,Minor,Truck
2025-04-02,13:50:00,East,Pedestrian,Moderate,Bus
2025-04-02,22:53:00,Highway,Rear-end,Severe,Auto
2025-04-02,15:18:00,Suburban,Hit-and-run,Severe,Truck
2025-04-02,17:37:00,Central,Single Vehicle,Minor,Auto
2025-04-02,06:26:00,Highway,Collision,Minor,Car
2025-04-02,09:44:00,Central,Collision,Minor,Truck
2025-04-02,06:42:00,South,Hit-and-run,Minor,Bus
2025-04-02,00:12:00,West,Rear-end,Moderate,Car
2025-04-02,22:12:00,Central,Collision,Minor,Bus
2025-04-02,20:59:00,Industrial,Collision,Moderate,Bus
2025-04-02,18:56:00,Central,Rear-end,Moderate,Auto
2025-04-03,15:21:00,Central,Rear-end,Minor,Car
2025-04-03,18:27:00,West,Collision,Moderate,Truck
2025-04-03,03:51:00,Industrial,Single Vehicle,Minor,Car
2025-04-03,17:46:00,Suburban,Pedestrian,Minor,Truck
2025-04-03,01:52:00,Industrial,Rear-end,Severe,Motorcycle
2025-04-03,00:44:00,Industrial,Hit-and-run,Minor,Motorcycle
2025-04-03,14:21:00,South,Single Vehicle,Minor,Car
2025-04-03,04:42:00,Central,Collision,Moderate,Car
2025-04-03,19:18:00,Central,Collision,Minor,Car
2025-04-03,10:07:00,East,Rear-end,Moderate,Car
2025-04-03,09:51:00,Industrial,Pedestrian,Minor,Motorcycle
2025-04-03,01:07:00,South,Collision,Minor,Auto
2025-04-03,02:41:00,Industrial,Single Vehicle,Severe,Car
2025-04-03,22:25:00,East,Rear-end,Moderate,Car
2025-04-04,22:47:00,Central,Collision,Minor,Motorcycle
2025-04-04,11:50:00,North,Collision,Minor,Truck
2025-04-04,19:25:00,Highway,Collision,Severe,Car
2025-04-04,04:22:00,Industrial,Pedestrian,Minor,Car
2025-04-04,04:42:00,Highway,Single Vehicle,Moderate,Car
2025-04-04,05:12:00,Central,Rear-end,Moderate,Car
2025-04-04,08:27:00,Suburban,Single Vehicle,Moderate,Car
2025-04-04,01:08:00,North,Pedestrian,Moderate,Car
2025-04-04,20:19:00,Central,Rear-end,Moderate,Truck
2025-04-04,11:55:00,Suburban,Hit-and-run,Moderate,Motorcycle
2025-04-04,02:18:00,North,Rear-end,Severe,Car
2025-04-04,19:47:00,Industrial,Rear-end,Moderate,Truck
2025-04-04,21:38:00,Central,Collision,Minor,Motorcycle
2025-04-04,11:50:00,West,Hit-and-run,Minor,Auto
2025-04-05,23:11:00,Highway,Collision,Moderate,Car
2025-04-05,16:14:00,South,Pedestrian,Severe,Truck
2025-04-05,09:30:00,Industrial,Pedestrian,Minor,Truck
2025-04-05,23:54:00,North,Collision,Minor,Car
2025-04-05,13:13:00,West,Collision,Severe,Auto
2025-04-05,22:10:00,South,Rear-end,Moderate,Motorcycle
2025-04-05,16:25:00,North,Rear-end,Minor,Truck
2025-04-05,17:41:00,South,Collision,Moderate,Car
2025-04-05,18:26:00,Central,Rear-end,Fatal,Car
2025-04-05,16:10:00,Highway,Collision,Severe,Motorcycle
2025-04-05,13:37:00,South,Collision,Moderate,Car
2025-04-05,08:33:00,North,Collision,Minor,Motorcycle
2025-04-05,07:42:00,East,Collision,Severe,Car
2025-04-05,01:18:00,South,Pedestrian,Moderate,Truck
2025-04-06,12:05:00,Industrial,Single Vehicle,Severe,Motorcycle
2025-04-06,06:45:00,Suburban,Rear-end,Minor,Car
2025-04-06,08:51:00,East,Rear-end,Minor,Truck
2025-04-06,21:37:00,Highway,Collision,Minor,Motorcycle
2025-04-06,21:48:00,West,Rear-end,Minor,Car
2025-04-06,10:41:00,Central,Collision,Moderate,Car
2025-04-06,13:27:00,Industrial,Rear-end,Fatal,Car
2025-04-06,03:00:00,East,Single Vehicle,Moderate,Car
2025-04-06,12:34:00,West,Collision,Severe,Auto
2025-04-06,01:39:00,Highway,Pedestrian,Minor,Motorcycle
2025-04-06,22:07:00,East,Collision,Moderate,Car
2025-04-06,04:58:00,Highway,Collision,Severe,Car
2025-04-06,10:51:00,Industrial,Collision,Moderate,Car
2025-04-06,05:53:00,East,Collision,Moderate,Motorcycle
2025-04-06,17:46:00,West,Collision,Moderate,Car
2025-04-07,20:55:00,South,Collision,Moderate,Motorcycle
2025-04-07,09:06:00,Suburban,Rear-end,Minor,Car
2025-04-07,03:10:00,Industrial,Collision,Severe,Bus
2025-04-07,08:38:00,Central,Hit-and-run,Fatal,Car
2025-04-07,05:03:00,South,Single Vehicle,Minor,Motorcycle
2025-04-07,01:24:00,West,Rear-end,Moderate,Truck
2025-04-07,16:11:00,Central,Collision,Moderate,Motorcycle
2025-04-07,04:25:00,Central,Collision,Moderate,Bus
2025-04-07,05:37:00,East,Single Vehicle,Moderate,Truck
2025-04-07,11:45:00,South,Rear-end,Severe,Car
2025-04-07,22:11:00,East,Rear-end,Minor,Motorcycle
2025-04-07,20:42:00,North,Collision,Minor,Bicycle
2025-04-07,09:50:00,Central,Rear-end,Severe,Truck
2025-04-07,21:52:00,Industrial,Collision,Moderate,Auto
2025-04-08,20:36:00,East,Single Vehicle,Severe,Car
2025-04-08,05:45:00,North,Single Vehicle,Minor,Motorcycle
2025-04-08,07:52:00,South,Collision,Minor,Auto
2025-04-08,01:23:00,West,Rear-end,Severe,Car
2025-04-08,11:15:00,Central,Collision,Minor,Bicycle
2025-04-08,12:56:00,Central,Rear-end,Severe,Car
2025-04-08,20:12:00,Central,Single Vehicle,Severe,Auto
2025-04-08,06:24:00,Highway,Rear-end,Moderate,Motorcycle
2025-04-08,09:53:00,Industrial,Collision,Minor,Car
2025-04-08,12:53:00,Industrial,Collision,Moderate,Auto
2025-04-08,16:56:00,Industrial,Pedestrian,Severe,Car
2025-04-08,20:51:00,Industrial,Hit-and-run,Minor,Car
2025-04-08,13:53:00,East,Rear-end,Minor,Car
2025-04-08,01:03:00,West,Collision,Minor,Truck
2025-04-09,21:10:00,Central,Collision,Minor,Bicycle
2025-04-09,10:31:00,West,Single Vehicle,Severe,Car
2025-04-09,00:48:00,Highway,Rear-end,Severe,Motorcycle
2025-04-09,18:06:00,East,Rear-end,Fatal,Car
2025-04-09,20:45:00,South,Rear-end,Moderate,Bus
2025-04-09,03:57:00,North,Pedestrian,Moderate,Car
2025-04-09,18:10:00,West,Collision,Minor,Car
2025-04-09,20:27:00,Industrial,Collision,Moderate,Car
2025-04-09,10:53:00,Unknown,Rear-end,Moderate,Motorcycle
2025-04-09,07:40:00,South,Hit-and-run,Severe,Auto
2025-04-09,10:22:00,Highway,Hit-and-run,Severe,Motorcycle
2025-04-09,03:44:00,West,Single Vehicle,Severe,Car
2025-04-09,16:22:00,Highway,Collision,Severe,Motorcycle
2025-04-09,06:49:00,East,Collision,Severe,Bus
2025-04-09,07:27:00,East,Single Vehicle,Minor,Car
2025-04-10,02:42:00,West,Rear-end,Severe,Car
2025-04-10,21:46:00,Industrial,Hit-and-run,Moderate,Car
2025-04-10,01:56:00,Suburban,Hit-and-run,Minor,Bus
2025-04-10,22:25:00,Central,Rear-end,Minor,Motorcycle
2025-04-10,14:24:00,Central,Collision,Moderate,Motorcycle
2025-04-10,23:53:00,Suburban,Pedestrian,Minor,Car
2025-04-10,21:28:00,East,Pedestrian,Minor,Car
2025-04-10,21:18:00,West,Rear-end,Moderate,Bicycle
2025-04-10,04:32:00,East,Rear-end,Severe,Car
2025-04-10,23:35:00,Central,Collision,Severe,Auto
2025-04-10,00:13:00,Highway,Collision,Minor,Motorcycle
2025-04-10,03:13:00,Industrial,Collision,Minor,Car
2025-04-10,14:34:00,South,Collision,Minor,Motorcycle
2025-04-10,19:29:00,South,Single Vehicle,Minor,Auto
2025-04-11,18:27:00,Highway,Pedestrian,Minor,Car
2025-04-11,02:16:00,Central,Hit-and-run,Fatal,Auto
2025-04-11,19:02:00,Highway,Rear-end,Moderate,Car
2025-04-11,10:15:00,North,Collision,Minor,Motorcycle
2025-04-11,16:45:00,West,Single Vehicle,Minor,Auto
2025-04-11,12:29:00,Suburban,Collision,Moderate,Auto
2025-04-11,10:51:00,Industrial,Collision,Moderate,Motorcycle
2025-04-11,01:28:00,South,Rear-end,Minor,Truck
2025-04-11,08:44:00,Industrial,Single Vehicle,Fatal,Car
2025-04-11,01:14:00,South,Single Vehicle,Minor,Car
2025-04-11,20:45:00,North,Collision,Minor,Car
2025-04-11,08:55:00,Suburban,Single Vehicle,Minor,Car
2025-04-11,08:24:00,Industrial,Collision,Moderate,Car
2025-04-11,07:50:00,West,Collision,Minor,Car
2025-04-12,16:37:00,South,Single Vehicle,Minor,Bicycle
2025-04-12,00:41:00,Central,Single Vehicle,Minor,Truck
2025-04-12,10:58:00,Central,Rear-end,Moderate,Motorcycle
2025-04-12,07:46:00,West,Rear-end,Minor,Bicycle
2025-04-12,09:52:00,Highway,Pedestrian,Minor,Car
2025-04-12,06:53:00,East,Pedestrian,Minor,Motorcycle
2025-04-12,02:51:00,Highway,Single Vehicle,Minor,Truck
2025-04-12,02:57:00,Central,Rear-end,Moderate,Car
2025-04-12,17:37:00,South,Single Vehicle,Minor,Truck
2025-04-12,04:22:00,North,Single Vehicle,Minor,Car
2025-04-12,11:24:00,East,Collision,Moderate,Car
2025-04-12,11:41:00,Central,Single Vehicle,Minor,Car
2025-04-12,18:06:00,Suburban,Rear-end,Minor,Auto
2025-04-12,05:21:00,North,Rear-end,Minor,Truck
2025-04-13,01:16:00,Suburban,Rear-end,Severe,Truck
2025-04-13,11:17:00,East,Collision,Moderate,Motorcycle
2025-04-13,18:48:00,Suburban,Rear-end,Severe,Car
2025-04-13,04:40:00,West,Single Vehicle,Severe,Truck
2025-04-13,11:09:00,Suburban,Collision,Fatal,Car
2025-04-13,16:09:00,Central,Rear-end,Moderate,Car
2025-04-13,16:56:00,Industrial,Single Vehicle,Moderate,Truck
2025-04-13,09:06:00,Highway,Rear-end,Minor,Car
2025-04-13,22:47:00,Central,Collision,Minor,Car
2025-04-13,16:49:00,Central,Rear-end,Moderate,Bus
2025-04-13,14:37:00,East,Rear-end,Fatal,Truck
2025-04-13,11:26:00,Suburban,Hit-and-run,Minor,Truck
2025-04-13,15:51:00,West,Pedestrian,Moderate,Car
2025-04-13,23:32:00,East,Rear-end,Moderate,Car
2025-04-13,18:00:00,Central,Pedestrian,Minor,Truck
2025-04-14,07:43:00,Central,Rear-end,Minor,Bus
2025-04-14,20:52:00,Highway,Collision,Moderate,Motorcycle
2025-04-14,16:59:00,Central,Hit-and-run,Minor,Bicycle
2025-04-14,22:33:00,West,Hit-and-run,Moderate,Bicycle
2025-04-14,04:03:00,Suburban,Rear-end,Severe,Car
2025-04-14,21:16:00,North,Collision,Severe,Auto
2025-04-14,15:03:00,Industrial,Collision,Minor,Motorcycle
2025-04-14,05:42:00,Central,Collision,Severe,Motorcycle
2025-04-14,07:53:00,West,Collision,Minor,Car
2025-04-14,17:25:00,Central,Hit-and-run,Minor,Motorcycle
2025-04-14,11:03:00,Industrial,Collision,Moderate,Auto
2025-04-14,14:00:00,South,Pedestrian,Minor,Bus
2025-04-14,08:06:00,East,Collision,Minor,Bus
2025-04-14,12:29:00,West,Collision,Minor,Car
2025-04-15,14:49:00,Central,Rear-end,Moderate,Car
2025-04-15,09:08:00,Industrial,Collision,Minor,Car
2025-04-15,15:34:00,South,Single Vehicle,Moderate,Car
2025-04-15,06:07:00,Industrial,Collision,Moderate,Motorcycle
2025-04-15,16:23:00,Central,Rear-end,Moderate,Car
2025-04-15,22:18:00,Industrial,Single Vehicle,Severe,Motorcycle
2025-04-15,20:35:00,Central,Rear-end,Minor,Motorcycle
2025-04-15,21:49:00,East,Collision,Minor,Car
2025-04-15,06:51:00,North,Rear-end,Minor,Car
2025-04-15,13:58:00,Industrial,Hit-and-run,Minor,Auto
2025-04-15,14:42:00,North,Single Vehicle,Moderate,Car
2025-04-15,20:26:00,Highway,Single Vehicle,Minor,Car
2025-04-15,06:31:00,Highway,Collision,Minor,Auto
2025-04-15,08:13:00,North,Single Vehicle,Moderate,Bicycle
2025-04-16,18:56:00,West,Collision,Moderate,Truck
2025-04-16,15:17:00,Central,Collision,Moderate,Car
2025-04-16,07:27:00,South,Pedestrian,Severe,Car
2025-04-16,17:59:00,Industrial,Collision,Moderate,Bicycle
2025-04-16,22:28:00,West,Collision,Moderate,Bus
2025-04-16,17:15:00,West,Collision,Minor,Motorcycle
2025-04-16,19:34:00,North,Rear-end,Fatal,Car
2025-04-16,06:46:00,South,Hit-and-run,Moderate,Car
2025-04-16,02:58:00,Central,Hit-and-run,Minor,Car
2025-04-16,17:58:00,Industrial,Collision,Minor,Motorcycle
2025-04-16,09:30:00,East,Rear-end,Moderate,Car
2025-04-16,06:03:00,Industrial,Single Vehicle,Severe,Bicycle
2025-04-16,16:36:00,North,Pedestrian,Minor,Car
2025-04-16,13:16:00,South,Collision,Minor,Truck
2025-04-17,23:38:00,South,Single Vehicle,Severe,Car
2025-04-17,02:47:00,Central,Hit-and-run,Severe,Motorcycle
2025-04-17,11:45:00,South,Collision,Minor,Car
2025-04-17,12:25:00,Highway,Collision,Minor,Bus
2025-04-17,01:47:00,Highway,Collision,Moderate,Motorcycle
2025-04-17,02:38:00,East,Hit-and-run,Minor,Car
2025-04-17,04:40:00,East,Collision,Severe,Auto
2025-04-17,10:03:00,Central,Rear-end,Minor,Motorcycle
2025-04-17,07:29:00,Highway,Collision,Minor,Auto
2025-04-17,22:29:00,Central,Single Vehicle,Minor,Auto
2025-04-17,22:21:00,Suburban,Collision,Minor,Auto
2025-04-17,11:10:00,East,Single Vehicle,Minor,Car
2025-04-17,06:01:00,South,Single Vehicle,Minor,Car
2025-04-17,14:43:00,Suburban,Collision,Moderate,Bicycle
2025-04-17,23:11:00,Central,Rear-end,Minor,Motorcycle
2025-04-18,16:29:00,West,Collision,Severe,Car
2025-04-18,03:35:00,West,Single Vehicle,Minor,Bus
2025-04-18,21:17:00,North,Rear-end,Moderate,Car
2025-04-18,12:25:00,East,Collision,Minor,Truck
2025-04-18,17:52:00,West,Collision,Minor,Auto
2025-04-18,00:06:00,Industrial,Rear-end,Moderate,Bus
2025-04-18,15:00:00,Central,Single Vehicle,Moderate,Car
2025-04-18,12:57:00,Suburban,Hit-and-run,Moderate,Car
2025-04-18,09:25:00,Central,Single Vehicle,Moderate,Car
2025-04-18,11:22:00,North,Collision,Moderate,Motorcycle
2025-04-18,01:25:00,North,Collision,Minor,Car
2025-04-18,22:44:00,Central,Single Vehicle,Severe,Motorcycle
2025-04-18,02:05:00,Central,Collision,Moderate,Motorcycle
2025-04-18,09:05:00,Suburban,Single Vehicle,Fatal,Motorcycle
2025-04-19,01:43:00,South,Collision,Severe,Bus
2025-04-19,22:07:00,Central,Collision,Minor,Motorcycle
2025-04-19,12:23:00,Central,Hit-and-run,Minor,Car
2025-04-19,12:21:00,Industrial,Single Vehicle,Moderate,Truck
2025-04-19,17:18:00,Highway,Single Vehicle,Moderate,Bus
2025-04-19,02:36:00,North,Collision,Moderate,Car
2025-04-19,06:17:00,Central,Collision,Moderate,Truck
2025-04-19,13:30:00,North,Rear-end,Minor,Car
2025-04-19,19:36:00,Central,Hit-and-run,Minor,Car
2025-04-19,16:29:00,Central,Hit-and-run,Minor,Auto
2025-04-19,20:56:00,East,Collision,Moderate,Auto
2025-04-19,11:41:00,North,Single Vehicle,Moderate,Motorcycle
2025-04-19,15:32:00,East,Hit-and-run,Minor,Truck
2025-04-19,23:09:00,North,Single Vehicle,Moderate,Auto
2025-04-20,11:36:00,Suburban,Rear-end,Minor,Bicycle
2025-04-20,14:11:00,Highway,Rear-end,Minor,Motorcycle
2025-04-20,09:53:00,West,Single Vehicle,Moderate,Motorcycle
2025-04-20,06:29:00,South,Rear-end,Minor,Car
2025-04-20,19:26:00,South,Single Vehicle,Moderate,Car
2025-04-20,04:38:00,South,Single Vehicle,Severe,Motorcycle
2025-04-20,00:08:00,Industrial,Hit-and-run,Severe,Bus
2025-04-20,16:53:00,East,Rear-end,Minor,Bus
2025-04-20,02:20:00,Highway,Collision,Moderate,Auto
2025-04-20,12:11:00,Suburban,Collision,Moderate,Car
2025-04-20,13:54:00,South,Collision,Moderate,Motorcycle
2025-04-20,23:28:00,West,Collision,Moderate,Car
2025-04-20,17:32:00,Central,Collision,Minor,Car
2025-04-20,03:42:00,North,Collision,Minor,Auto
2025-04-20,17:52:00,South,Collision,Moderate,Motorcycle
2025-04-21,04:14:00,North,Rear-end,Moderate,Bus
2025-04-21,15:01:00,Highway,Collision,Minor,Car
2025-04-21,00:51:00,Central,Collision,Minor,Car
2025-04-21,20:38:00,East,Hit-and-run,Moderate,Truck
2025-04-21,13:52:00,West,Rear-end,Minor,Car
2025-04-21,14:43:00,Industrial,Rear-end,Minor,Car
2025-04-21,08:53:00,South,Hit-and-run,Minor,Car
2025-04-21,14:17:00,Highway,Pedestrian,Minor,Truck
2025-04-21,16:02:00,West,Rear-end,Moderate,Bicycle
2025-04-21,23:06:00,East,Hit-and-run,Minor,Auto
2025-04-21,03:42:00,Central,Single Vehicle,Minor,Bicycle
2025-04-21,11:17:00,East,Pedestrian,Minor,Auto
2025-04-21,04:43:00,Highway,Rear-end,Minor,Auto
2025-04-21,04:37:00,West,Hit-and-run,Moderate,Motorcycle
2025-04-22,10:36:00,Highway,Collision,Minor,Motorcycle
2025-04-22,05:57:00,East,Rear-end,Moderate,Car
2025-04-22,06:32:00,Central,Single Vehicle,Minor,Bus
2025-04-22,23:43:00,Central,Rear-end,Minor,Car
2025-04-22,13:58:00,South,Single Vehicle,Minor,Car
2025-04-22,23:30:00,Industrial,Rear-end,Minor,Auto
2025-04-22,10:57:00,Highway,Single Vehicle,Moderate,Car
2025-04-22,12:10:00,South,Rear-end,Minor,Bicycle
2025-04-22,01:03:00,East,Collision,Severe,Truck
2025-04-22,06:58:00,East,Rear-end,Minor,Car
2025-04-22,19:17:00,South,Collision,Minor,Truck
2025-04-22,03:03:00,North,Collision,Minor,Bus
2025-04-22,07:48:00,Central,Pedestrian,Moderate,Car
2025-04-22,19:33:00,North,Collision,Minor,Bus
2025-04-23,21:28:00,Central,Pedestrian,Minor,Bus
2025-04-23,20:23:00,North,Collision,Minor,Car
2025-04-23,18:21:00,Central,Collision,Minor,Car
2025-04-23,12:01:00,West,Single Vehicle,Severe,Car
2025-04-23,13:43:00,South,Collision,Moderate,Car
2025-04-23,09:05:00,Suburban,Rear-end,Moderate,Car
2025-04-23,10:41:00,North,Rear-end,Moderate,Truck
2025-04-23,01:24:00,South,Rear-end,Moderate,Car
2025-04-23,08:54:00,South,Single Vehicle,Minor,Auto
2025-04-23,16:56:00,Central,Hit-and-run,Moderate,Car
2025-04-23,02:20:00,Highway,Rear-end,Minor,Motorcycle
2025-04-23,23:54:00,Central,Single Vehicle,Minor,Truck
2025-04-23,05:58:00,Suburban,Collision,Moderate,Auto
2025-04-23,04:15:00,Highway,Rear-end,Moderate,Motorcycle
2025-04-24,04:30:00,East,Single Vehicle,Moderate,Car
2025-04-24,21:13:00,West,Hit-and-run,Moderate,Auto
2025-04-24,14:38:00,West,Pedestrian,Minor,Car
2025-04-24,22:27:00,South,Hit-and-run,Minor,Car
2025-04-24,16:31:00,West,Pedestrian,Minor,Motorcycle
2025-04-24,08:27:00,Unknown,Single Vehicle,Moderate,Bus
2025-04-24,02:50:00,Central,Collision,Fatal,Car
2025-04-24,19:54:00,East,Collision,Minor,Motorcycle
2025-04-24,16:48:00,West,Rear-end,Minor,Motorcycle
2025-04-24,09:08:00,Highway,Hit-and-run,Minor,Auto
2025-04-24,02:57:00,Central,Collision,Severe,Car
2025-04-24,17:44:00,Highway,Collision,Moderate,Car
2025-04-24,17:21:00,North,Collision,Minor,Motorcycle
2025-04-24,16:31:00,South,Single Vehicle,Fatal,Car
2025-04-24,23:04:00,South,Hit-and-run,Severe,Truck
2025-04-25,02:22:00,South,Rear-end,Minor,Truck
2025-04-25,02:04:00,Central,Collision,Severe,Bus
2025-04-25,05:41:00,East,Collision,Minor,Auto
2025-04-25,12:52:00,Highway,Collision,Minor,Auto
2025-04-25,23:31:00,East,Collision,Minor,Motorcycle
2025-04-25,14:58:00,East,Single Vehicle,Severe,Bicycle
2025-04-25,08:09:00,Highway,Single Vehicle,Moderate,Car
2025-04-25,03:58:00,Industrial,Collision,Minor,Truck
2025-04-25,13:38:00,East,Collision,Fatal,Motorcycle
2025-04-25,04:57:00,North,Collision,Minor,Bus
2025-04-25,01:14:00,Highway,Rear-end,Moderate,Motorcycle
2025-04-25,10:06:00,West,Collision,Moderate,Bus
2025-04-25,08:28:00,North,Collision,Minor,Auto
2025-04-25,23:58:00,North,Collision,Minor,Truck
2025-04-26,02:46:00,Highway,Pedestrian,Severe,Bus
2025-04-26,08:02:00,Central,Hit-and-run,Minor,Car
2025-04-26,02:18:00,Suburban,Hit-and-run,Moderate,Car
2025-04-26,01:09:00,Central,Rear-end,Moderate,Bicycle
2025-04-26,11:27:00,Highway,Single Vehicle,Moderate,Truck
2025-04-26,09:28:00,South,Single Vehicle,Minor,Motorcycle
2025-04-26,08:14:00,East,Collision,Minor,Car
2025-04-26,14:34:00,Highway,Collision,Minor,Car
2025-04-26,07:05:00,South,Rear-end,Severe,Car
2025-04-26,04:11:00,East,Collision,Minor,Motorcycle
2025-04-26,10:46:00,Central,Rear-end,Minor,Car
2025-04-26,01:37:00,Central,Rear-end,Severe,Car
2025-04-26,23:12:00,North,Rear-end,Severe,Motorcycle
2025-04-26,14:28:00,Industrial,Collision,Minor,Motorcycle
2025-04-27,05:18:00,Central,Rear-end,Fatal,Car
2025-04-27,07:02:00,Central,Single Vehicle,Moderate,Motorcycle
2025-04-27,04:07:00,South,Collision,Minor,Auto
2025-04-27,15:07:00,West,Hit-and-run,Minor,Motorcycle
2025-04-27,17:54:00,Industrial,Collision,Moderate,Auto
2025-04-27,05:57:00,Central,Collision,Moderate,Auto
2025-04-27,04:19:00,Central,Rear-end,Minor,Car
2025-04-27,15:46:00,Suburban,Collision,Minor,Car
2025-04-27,12:03:00,North,Collision,Minor,Motorcycle
2025-04-27,04:50:00,Highway,Collision,Moderate,Motorcycle
2025-04-27,12:20:00,Highway,Rear-end,Minor,Motorcycle
2025-04-27,16:02:00,Highway,Hit-and-run,Minor,Car
2025-04-27,17:44:00,Central,Collision,Moderate,Truck
2025-04-27,07:07:00,Highway,Hit-and-run,Moderate,Car
2025-04-27,12:22:00,Highway,Collision,Moderate,Bicycle
2025-04-28,18:15:00,West,Rear-end,Minor,Car
2025-04-28,02:12:00,South,Rear-end,Minor,Auto
2025-04-28,23:02:00,North,Hit-and-run,Minor,Car
2025-04-28,07:47:00,Central,Single Vehicle,Fatal,Car
2025-04-28,01:08:00,East,Single Vehicle,Moderate,Car
2025-04-28,07:59:00,West,Collision,Minor,Bicycle
2025-04-28,12:13:00,South,Single Vehicle,Minor,Car
2025-04-28,12:12:00,East,Collision,Moderate,Truck
2025-04-28,00:52:00,South,Single Vehicle,Moderate,Auto
2025-04-28,05:56:00,West,Collision,Minor,Truck
2025-04-28,23:06:00,Highway,Rear-end,Severe,Car
2025-04-28,18:14:00,Central,Collision,Moderate,Bicycle
2025-04-28,15:06:00,South,Collision,Moderate,Auto
2025-04-28,07:37:00,Central,Hit-and-run,Severe,Motorcycle
2025-04-29,00:33:00,West,Single Vehicle,Moderate,Motorcycle
2025-04-29,15:40:00,Industrial,Rear-end,Moderate,Bicycle
2025-04-29,08:21:00,Suburban,Hit-and-run,Fatal,Bicycle
2025-04-29,12:23:00,North,Pedestrian,Minor,Motorcycle
2025-04-29,10:48:00,Suburban,Collision,Minor,Auto
2025-04-29,12:36:00,Central,Collision,Severe,Car
2025-04-29,20:43:00,West,Collision,Moderate,Car
2025-04-29,09:00:00,Central,Collision,Severe,Car
2025-04-29,03:09:00,Highway,Collision,Minor,Car
2025-04-29,05:42:00,East,Collision,Moderate,Truck
2025-04-29,06:15:00,Industrial,Collision,Minor,Motorcycle
2025-04-29,04:45:00,Highway,Collision,Moderate,Car
2025-04-29,10:07:00,Central,Single Vehicle,Minor,Car
2025-04-29,12:55:00,Central,Collision,Minor,Car
2025-04-30,18:48:00,Highway,Rear-end,Minor,Bicycle
2025-04-30,22:24:00,South,Rear-end,Moderate,Auto
2025-04-30,09:49:00,Central,Rear-end,Minor,Car
2025-04-30,09:11:00,East,Collision,Minor,Auto
2025-04-30,10:24:00,West,Collision,Minor,Car
2025-04-30,20:16:00,Central,Collision,Minor,Truck
2025-04-30,06:59:00,North,Rear-end,Severe,Bicycle
2025-04-30,17:25:00,Central,Collision,Minor,Car
2025-04-30,03:45:00,East,Rear-end,Minor,Truck
2025-04-30,01:47:00,Highway,Hit-and-run,Severe,Car
2025-04-30,13:13:00,Suburban,Rear-end,Moderate,Car
2025-04-30,12:40:00,West,Rear-end,Moderate,Motorcycle
2025-04-30,11:35:00,Central,Rear-end,Moderate,Bicycle
2025-04-30,06:56:00,Highway,Single Vehicle,Severe,Motorcycle
2025-05-01,01:22:00,East,Collision,Minor,Auto
2025-05-01,12:42:00,Central,Hit-and-run,Fatal,Auto
2025-05-01,13:05:00,Suburban,Pedestrian,Severe,Car
2025-05-01,16:46:00,Industrial,Rear-end,Moderate,Car
2025-05-01,08:04:00,Unknown,Collision,Moderate,Truck
2025-05-01,16:42:00,Industrial,Rear-end,Moderate,Motorcycle
2025-05-01,07:24:00,North,Collision,Minor,Car
2025-05-01,01:17:00,North,Collision,Minor,Bicycle
2025-05-01,23:12:00,Industrial,Collision,Fatal,Bus
2025-05-01,12:42:00,North,Collision,Moderate,Motorcycle
2025-05-01,02:13:00,East,Rear-end,Minor,Motorcycle
2025-05-01,15:27:00,Highway,Single Vehicle,Moderate,Car
2025-05-01,05:17:00,Highway,Collision,Moderate,Motorcycle
2025-05-01,18:58:00,East,Single Vehicle,Minor,Auto
2025-05-01,06:59:00,Highway,Single Vehicle,Moderate,Auto
2025-05-02,09:56:00,Highway,Single Vehicle,Moderate,Car
2025-05-02,08:27:00,West,Pedestrian,Minor,Motorcycle
2025-05-02,01:50:00,North,Collision,Fatal,Truck
2025-05-02,14:55:00,North,Collision,Minor,Car
2025-05-02,04:26:00,South,Rear-end,Minor,Car
2025-05-02,21:31:00,Central,Rear-end,Minor,Motorcycle
2025-05-02,03:46:00,North,Single Vehicle,Moderate,Motorcycle
2025-05-02,19:08:00,North,Single Vehicle,Minor,Car
2025-05-02,03:39:00,East,Rear-end,Minor,Car
2025-05-02,17:31:00,Highway,Collision,Severe,Car
2025-05-02,03:19:00,Central,Collision,Minor,Car
2025-05-02,16:27:00,Industrial,Collision,Severe,Motorcycle
2025-05-02,11:32:00,Industrial,Rear-end,Moderate,Car
2025-05-02,21:03:00,Central,Rear-end,Fatal,Car
2025-05-03,16:45:00,Suburban,Pedestrian,Moderate,Auto
2025-05-03,09:56:00,West,Rear-end,Minor,Car
2025-05-03,21:33:00,South,Single Vehicle,Minor,Motorcycle
2025-05-03,00:47:00,Industrial,Hit-and-run,Severe,Bicycle
2025-05-03,21:02:00,North,Single Vehicle,Severe,Truck
2025-05-03,23:25:00,Industrial,Collision,Minor,Truck
2025-05-03,17:07:00,Central,Single Vehicle,Moderate,Motorcycle
2025-05-03,17:05:00,Highway,Hit-and-run,Moderate,Car
2025-05-03,13:15:00,East,Collision,Fatal,Truck
2025-05-03,14:23:00,West,Collision,Severe,Truck
2025-05-03,11:47:00,North,Single Vehicle,Fatal,Car
2025-05-03,03:38:00,Industrial,Collision,Severe,Motorcycle
2025-05-03,02:29:00,Highway,Rear-end,Severe,Auto
2025-05-03,19:44:00,East,Collision,Minor,Car
2025-05-04,11:12:00,West,Hit-and-run,Severe,Motorcycle
2025-05-04,06:04:00,East,Pedestrian,Moderate,Motorcycle
2025-05-04,10:24:00,Highway,Collision,Fatal,Bus
2025-05-04,00:19:00,East,Rear-end,Moderate,Auto
2025-05-04,05:53:00,Highway,Single Vehicle,Minor,Bus
2025-05-04,14:17:00,Highway,Pedestrian,Moderate,Car
2025-05-04,14:46:00,South,Single Vehicle,Moderate,Car
2025-05-04,18:17:00,North,Rear-end,Minor,Car
2025-05-04,10:01:00,South,Collision,Minor,Truck
2025-05-04,22:09:00,Highway,Rear-end,Moderate,Truck
2025-05-04,01:54:00,North,Hit-and-run,Minor,Bicycle
2025-05-04,13:44:00,East,Collision,Minor,Motorcycle
2025-05-04,01:49:00,Highway,Collision,Minor,Truck
2025-05-04,03:46:00,South,Collision,Severe,Motorcycle
2025-05-04,16:11:00,West,Rear-end,Moderate,Car
2025-05-05,02:46:00,North,Pedestrian,Minor,Motorcycle
2025-05-05,12:12:00,Central,Collision,Moderate,Motorcycle
2025-05-05,08:49:00,Highway,Hit-and-run,Moderate,Bicycle
2025-05-05,06:46:00,Central,Single Vehicle,Minor,Car
2025-05-05,14:56:00,North,Collision,Minor,Bicycle
2025-05-05,22:54:00,Highway,Hit-and-run,Moderate,Motorcycle
2025-05-05,10:10:00,South,Single Vehicle,Minor,Car
2025-05-05,19:18:00,Suburban,Single Vehicle,Moderate,Car
2025-05-05,01:34:00,Suburban,Collision,Minor,Car
2025-05-05,14:38:00,North,Collision,Minor,Motorcycle
2025-05-05,13:52:00,Central,Collision,Fatal,Car
2025-05-05,19:25:00,Industrial,Hit-and-run,Minor,Motorcycle
2025-05-05,21:45:00,East,Hit-and-run,Moderate,Bicycle
2025-05-05,10:13:00,Central,Hit-and-run,Minor,Truck
2025-05-06,02:53:00,Industrial,Collision,Minor,Bus
2025-05-06,16:44:00,Central,Collision,Minor,Car
2025-05-06,11:43:00,Highway,Rear-end,Minor,Motorcycle
2025-05-06,23:23:00,Central,Rear-end,Minor,Car
2025-05-06,20:40:00,Central,Hit-and-run,Minor,Auto
2025-05-06,14:00:00,Central,Rear-end,Moderate,Car
2025-05-06,15:50:00,Suburban,Collision,Moderate,Motorcycle
2025-05-06,04:42:00,Industrial,Collision,Minor,Motorcycle
2025-05-06,19:54:00,Highway,Collision,Severe,Motorcycle
2025-05-06,05:21:00,South,Collision,Minor,Auto
2025-05-06,18:22:00,South,Collision,Minor,Car
2025-05-06,04:55:00,North,Collision,Moderate,Car
2025-05-06,02:53:00,East,Collision,Minor,Bus
2025-05-06,00:18:00,West,Collision,Moderate,Motorcycle
2025-05-07,05:17:00,West,Pedestrian,Minor,Car
2025-05-07,14:11:00,North,Collision,Severe,Car
2025-05-07,01:54:00,Suburban,Hit-and-run,Moderate,Bus
2025-05-07,02:27:00,Central,Hit-and-run,Minor,Bicycle
2025-05-07,16:27:00,Suburban,Rear-end,Minor,Truck
2025-05-07,23:59:00,Central,Single Vehicle,Severe,Auto
2025-05-07,11:58:00,East,Collision,Moderate,Motorcycle
2025-05-07,17:32:00,South,Hit-and-run,Minor,Car
2025-05-07,14:18:00,East,Single Vehicle,Minor,Car
2025-05-07,11:27:00,West,Single Vehicle,Minor,Truck
2025-05-07,15:58:00,East,Collision,Moderate,Motorcycle
2025-05-07,07:51:00,South,Collision,Severe,Bus
2025-05-07,13:48:00,Industrial,Collision,Minor,Truck
2025-05-07,16:36:00,Industrial,Rear-end,Minor,Bicycle
2025-05-08,20:25:00,Highway,Hit-and-run,Severe,Motorcycle
2025-05-08,07:34:00,North,Collision,Moderate,Motorcycle
2025-05-08,14:33:00,West,Rear-end,Moderate,Car
2025-05-08,13:34:00,West,Hit-and-run,Minor,Motorcycle
2025-05-08,17:39:00,South,Rear-end,Moderate,Auto
2025-05-08,19:15:00,East,Single Vehicle,Moderate,Car
2025-05-08,06:37:00,South,Pedestrian,Minor,Bicycle
2025-05-08,02:12:00,Central,Collision,Fatal,Bicycle
2025-05-08,11:22:00,North,Hit-and-run,Severe,Motorcycle
2025-05-08,20:59:00,Central,Collision,Moderate,Car
2025-05-08,23:53:00,Industrial,Rear-end,Moderate,Car
2025-05-08,02:21:00,Industrial,Single Vehicle,Minor,Car
2025-05-08,19:15:00,Suburban,Single Vehicle,Minor,Car
2025-05-08,13:27:00,Industrial,Rear-end,Minor,Motorcycle
2025-05-08,14:47:00,Central,Collision,Moderate,Car
2025-05-09,13:34:00,Highway,Collision,Minor,Truck
2025-05-09,06:59:00,Highway,Rear-end,Severe,Car
2025-05-09,16:44:00,East,Collision,Minor,Car
2025-05-09,11:45:00,West,Rear-end,Moderate,Motorcycle
2025-05-09,19:07:00,Suburban,Collision,Moderate,Bicycle
2025-05-09,03:43:00,East,Collision,Moderate,Truck
2025-05-09,08:54:00,Highway,Collision,Severe,Motorcycle
2025-05-09,05:54:00,Central,Single Vehicle,Fatal,Bus
2025-05-09,15:21:00,North,Hit-and-run,Minor,Truck
2025-05-09,21:20:00,East,Collision,Minor,Auto
2025-05-09,21:25:00,West,Collision,Minor,Car
2025-05-09,20:39:00,Highway,Rear-end,Moderate,Auto
2025-05-09,20:20:00,Suburban,Collision,Minor,Car
2025-05-09,01:24:00,South,Rear-end,Moderate,Auto
2025-05-10,23:40:00,Central,Pedestrian,Minor,Car
2025-05-10,07:00:00,Highway,Rear-end,Moderate,Auto
2025-05-10,10:05:00,West,Hit-and-run,Moderate,Bicycle
2025-05-10,12:22:00,North,Rear-end,Moderate,Car
2025-05-10,16:50:00,East,Single Vehicle,Moderate,Bicycle
2025-05-10,07:22:00,Industrial,Single Vehicle,Minor,Car
2025-05-10,20:42:00,Highway,Rear-end,Minor,Car
2025-05-10,17:42:00,East,Collision,Moderate,Motorcycle
2025-05-10,17:22:00,South,Rear-end,Minor,Bicycle
2025-05-10,13:31:00,Suburban,Collision,Severe,Motorcycle
2025-05-10,14:29:00,Industrial,Hit-and-run,Severe,Motorcycle
2025-05-10,05:12:00,South,Rear-end,Severe,Truck
2025-05-10,10:42:00,North,Collision,Minor,Bicycle
2025-05-10,12:17:00,Industrial,Collision,Moderate,Unknown
2025-05-11,00:22:00,North,Rear-end,Minor,Car
2025-05-11,05:14:00,Central,Single Vehicle,Minor,Car
2025-05-11,08:32:00,East,Rear-end,Minor,Car
2025-05-11,07:20:00,North,Hit-and-run,Minor,Truck
2025-05-11,10:56:00,West,Collision,Minor,Car
2025-05-11,21:38:00,Central,Rear-end,Minor,Car
2025-05-11,18:22:00,West,Rear-end,Fatal,Auto
2025-05-11,23:26:00,North,Hit-and-run,Minor,Car
2025-05-11,08:44:00,Central,Collision,Severe,Motorcycle
2025-05-11,16:43:00,Central,Rear-end,Minor,Car
2025-05-11,11:17:00,Suburban,Collision,Minor,Car
2025-05-11,13:23:00,Highway,Collision,Moderate,Car
2025-05-11,14:50:00,North,Single Vehicle,Moderate,Car
2025-05-11,15:46:00,Highway,Collision,Minor,Auto
2025-05-11,21:39:00,West,Collision,Minor,Car
2025-05-12,21:50:00,Suburban,Rear-end,Minor,Car
2025-05-12,19:41:00,South,Single Vehicle,Minor,Bus
2025-05-12,00:06:00,Industrial,Rear-end,Moderate,Bus
2025-05-12,09:49:00,Central,Pedestrian,Moderate,Bus
2025-05-12,07:47:00,South,Single Vehicle,Minor,Bicycle
2025-05-12,17:19:00,Suburban,Collision,Severe,Bus
2025-05-12,00:26:00,East,Rear-end,Minor,Car
2025-05-12,01:05:00,North,Collision,Moderate,Auto
2025-05-12,00:26:00,Central,Pedestrian,Moderate,Motorcycle
2025-05-12,00:08:00,Industrial,Collision,Fatal,Car
2025-05-12,08:52:00,West,Collision,Moderate,Car
2025-05-12,12:44:00,South,Hit-and-run,Moderate,Car
2025-05-12,00:56:00,Suburban,Rear-end,Minor,Car
2025-05-12,12:30:00,Central,Rear-end,Moderate,Car
2025-05-13,19:20:00,South,Rear-end,Minor,Car
2025-05-13,21:25:00,Suburban,Collision,Minor,Auto
2025-05-13,06:39:00,South,Rear-end,Severe,Auto
2025-05-13,01:47:00,North,Rear-end,Minor,Motorcycle
2025-05-13,05:44:00,East,Single Vehicle,Severe,Unknown
2025-05-13,06:12:00,Highway,Collision,Severe,Car
2025-05-13,13:48:00,Central,Single Vehicle,Moderate,Auto
2025-05-13,17:22:00,Suburban,Hit-and-run,Moderate,Motorcycle
2025-05-13,14:19:00,Highway,Collision,Minor,Car
2025-05-13,01:36:00,North,Hit-and-run,Fatal,Car
2025-05-13,09:53:00,Industrial,Collision,Minor,Car
2025-05-13,22:52:00,South,Single Vehicle,Moderate,Car
2025-05-13,11:27:00,South,Single Vehicle,Moderate,Car
2025-05-13,16:16:00,Highway,Collision,Severe,Car
2025-05-14,07:27:00,Suburban,Collision,Moderate,Car
2025-05-14,10:40:00,Central,Rear-end,Moderate,Car
2025-05-14,02:01:00,East,Collision,Minor,Bicycle
2025-05-14,05:24:00,East,Collision,Minor,Car
2025-05-14,08:57:00,South,Collision,Minor,Car
2025-05-14,05:49:00,South,Hit-and-run,Severe,Truck
2025-05-14,08:40:00,Central,Collision,Moderate,Auto
2025-05-14,06:05:00,Industrial,Single Vehicle,Moderate,Car
2025-05-14,08:10:00,East,Pedestrian,Moderate,Auto
2025-05-14,17:56:00,North,Rear-end,Moderate,Car
2025-05-14,11:37:00,Highway,Single Vehicle,Minor,Car
2025-05-14,07:05:00,Highway,Collision,Minor,Car
2025-05-14,07:44:00,East,Collision,Minor,Motorcycle
2025-05-14,17:10:00,South,Rear-end,Moderate,Car
2025-05-15,19:13:00,West,Rear-end,Minor,Truck
2025-05-15,14:01:00,North,Rear-end,Moderate,Car
2025-05-15,06:39:00,North,Single Vehicle,Moderate,Truck
2025-05-15,10:02:00,Industrial,Single Vehicle,Minor,Car
2025-05-15,19:54:00,Central,Hit-and-run,Minor,Motorcycle
2025-05-15,15:52:00,Central,Pedestrian,Minor,Motorcycle
2025-05-15,03:34:00,Central,Collision,Minor,Truck
2025-05-15,05:32:00,Central,Collision,Moderate,Car
2025-05-15,21:23:00,Central,Hit-and-run,Minor,Auto
2025-05-15,02:18:00,Suburban,Rear-end,Severe,Truck
2025-05-15,08:17:00,North,Rear-end,Moderate,Car
2025-05-15,09:48:00,Central,Collision,Minor,Bicycle
2025-05-15,13:51:00,North,Rear-end,Moderate,Truck
2025-05-15,10:23:00,Suburban,Collision,Moderate,Motorcycle
2025-05-15,17:44:00,East,Hit-and-run,Moderate,Car
2025-05-16,21:34:00,South,Collision,Minor,Motorcycle
2025-05-16,11:00:00,Highway,Collision,Minor,Car
2025-05-16,22:35:00,South,Collision,Minor,Motorcycle
2025-05-16,11:24:00,South,Collision,Minor,Car
2025-05-16,12:44:00,North,Single Vehicle,Severe,Truck
2025-05-16,12:48:00,South,Collision,Moderate,Car
2025-05-16,18:59:00,South,Collision,Severe,Auto
2025-05-16,18:42:00,Industrial,Rear-end,Minor,Car
2025-05-16,22:33:00,North,Rear-end,Minor,Unknown
2025-05-16,13:24:00,West,Collision,Moderate,Bus
2025-05-16,03:15:00,Central,Collision,Minor,Truck
2025-05-16,12:33:00,North,Single Vehicle,Minor,Car
2025-05-16,07:28:00,South,Hit-and-run,Moderate,Car
2025-05-16,22:18:00,Suburban,Collision,Minor,Car
2025-05-17,20:22:00,South,Rear-end,Moderate,Motorcycle
2025-05-17,22:18:00,Industrial,Collision,Minor,Car
2025-05-17,18:24:00,North,Collision,Moderate,Truck
2025-05-17,11:15:00,Central,Hit-and-run,Severe,Motorcycle
2025-05-17,17:53:00,Unknown,Single Vehicle,Minor,Car
2025-05-17,05:50:00,South,Collision,Severe,Car
2025-05-17,17:08:00,Central,Single Vehicle,Moderate,Car
2025-05-17,18:00:00,Central,Collision,Severe,Car
2025-05-17,21:41:00,Highway,Collision,Minor,Motorcycle
2025-05-17,04:18:00,Central,Collision,Moderate,Motorcycle
2025-05-17,23:32:00,West,Collision,Minor,Bus
2025-05-17,08:33:00,South,Single Vehicle,Moderate,Car
2025-05-17,02:15:00,East,Rear-end,Moderate,Auto
2025-05-17,09:43:00,Unknown,Collision,Moderate,Car
2025-05-18,18:39:00,South,Single Vehicle,Severe,Car
2025-05-18,02:54:00,South,Single Vehicle,Minor,Truck
2025-05-18,21:17:00,Industrial,Pedestrian,Minor,Bus
2025-05-18,14:33:00,Highway,Single Vehicle,Moderate,Car
2025-05-18,00:24:00,North,Collision,Moderate,Bus
2025-05-18,06:44:00,Central,Pedestrian,Minor,Auto
2025-05-18,11:05:00,Highway,Hit-and-run,Moderate,Bus
2025-05-18,16:20:00,South,Single Vehicle,Fatal,Car
2025-05-18,20:57:00,West,Pedestrian,Moderate,Auto
2025-05-18,23:05:00,South,Collision,Minor,Bus
2025-05-18,19:31:00,Central,Pedestrian,Minor,Truck
2025-05-18,04:40:00,West,Collision,Fatal,Bus
2025-05-18,03:47:00,East,Collision,Moderate,Bicycle
2025-05-18,11:42:00,North,Collision,Severe,Motorcycle
2025-05-18,19:38:00,East,Single Vehicle,Minor,Car
2025-05-19,23:30:00,Highway,Collision,Moderate,Motorcycle
2025-05-19,17:41:00,West,Rear-end,Moderate,Car
2025-05-19,16:09:00,Central,Rear-end,Minor,Car
2025-05-19,18:29:00,West,Single Vehicle,Moderate,Motorcycle
2025-05-19,08:56:00,Industrial,Collision,Moderate,Car
2025-05-19,03:51:00,Highway,Pedestrian,Moderate,Truck
2025-05-19,20:17:00,West,Single Vehicle,Severe,Auto
2025-05-19,01:59:00,Central,Rear-end,Severe,Motorcycle
2025-05-19,03:23:00,Industrial,Collision,Severe,Auto
2025-05-19,01:51:00,Industrial,Pedestrian,Severe,Car
2025-05-19,14:08:00,Central,Single Vehicle,Moderate,Auto
2025-05-19,01:30:00,South,Pedestrian,Minor,Auto
2025-05-19,03:14:00,South,Collision,Severe,Car
2025-05-19,05:03:00,Industrial,Single Vehicle,Moderate,Car
2025-05-20,06:39:00,North,Rear-end,Minor,Car
2025-05-20,09:08:00,West,Rear-end,Moderate,Bus
2025-05-20,18:44:00,Suburban,Pedestrian,Minor,Auto
2025-05-20,18:08:00,Highway,Collision,Moderate,Car
2025-05-20,21:25:00,Suburban,Pedestrian,Minor,Motorcycle
2025-05-20,11:03:00,Suburban,Rear-end,Minor,Car
2025-05-20,02:16:00,Central,Single Vehicle,Fatal,Motorcycle
2025-05-20,12:15:00,West,Collision,Moderate,Bicycle
2025-05-20,17:14:00,South,Rear-end,Moderate,Car
2025-05-20,07:34:00,Highway,Pedestrian,Moderate,Auto
2025-05-20,20:56:00,North,Collision,Severe,Auto
2025-05-20,14:51:00,Suburban,Collision,Moderate,Bicycle
2025-05-20,00:04:00,West,Single Vehicle,Moderate,Car
2025-05-20,02:54:00,Highway,Collision,Fatal,Car
2025-05-21,07:04:00,Central,Single Vehicle,Minor,Car
2025-05-21,03:19:00,North,Collision,Severe,Truck
2025-05-21,15:14:00,Industrial,Collision,Minor,Truck
2025-05-21,22:17:00,Central,Pedestrian,Moderate,Car
2025-05-21,09:46:00,Highway,Hit-and-run,Minor,Bus
2025-05-21,11:01:00,Central,Rear-end,Moderate,Car
2025-05-21,13:28:00,West,Rear-end,Moderate,Car
2025-05-21,13:12:00,South,Single Vehicle,Fatal,Motorcycle
2025-05-21,01:03:00,West,Collision,Fatal,Car
2025-05-21,22:41:00,Industrial,Rear-end,Fatal,Car
2025-05-21,04:44:00,South,Collision,Minor,Car
2025-05-21,04:09:00,Central,Rear-end,Fatal,Auto
2025-05-21,05:30:00,Central,Collision,Minor,Bus
2025-05-21,12:40:00,West,Collision,Severe,Motorcycle
2025-05-22,08:07:00,East,Rear-end,Minor,Truck
2025-05-22,21:02:00,Industrial,Collision,Moderate,Motorcycle
2025-05-22,14:47:00,East,Collision,Fatal,Car
2025-05-22,13:45:00,East,Hit-and-run,Severe,Truck
2025-05-22,23:08:00,South,Rear-end,Moderate,Truck
2025-05-22,06:29:00,Central,Single Vehicle,Severe,Motorcycle
2025-05-22,19:52:00,South,Hit-and-run,Minor,Motorcycle
2025-05-22,01:10:00,Suburban,Collision,Moderate,Truck
2025-05-22,06:34:00,Highway,Rear-end,Moderate,Car
2025-05-22,05:36:00,South,Collision,Minor,Auto
2025-05-22,16:41:00,West,Pedestrian,Minor,Car
2025-05-22,01:12:00,Highway,Single Vehicle,Minor,Auto
2025-05-22,02:35:00,East,Rear-end,Moderate,Car
2025-05-22,04:55:00,Central,Hit-and-run,Minor,Car
2025-05-22,04:12:00,Central,Collision,Minor,Motorcycle
2025-05-23,00:11:00,East,Rear-end,Minor,Car
2025-05-23,07:36:00,Suburban,Single Vehicle,Moderate,Bus
2025-05-23,11:09:00,Industrial,Collision,Moderate,Motorcycle
2025-05-23,23:59:00,Central,Collision,Moderate,Truck
2025-05-23,03:55:00,North,Rear-end,Moderate,Car
2025-05-23,12:08:00,Highway,Hit-and-run,Minor,Car
2025-05-23,22:51:00,Highway,Collision,Minor,Car
2025-05-23,14:06:00,West,Single Vehicle,Severe,Motorcycle
2025-05-23,10:01:00,West,Collision,Minor,Truck
2025-05-23,09:53:00,Central,Collision,Minor,Motorcycle
2025-05-23,02:55:00,Highway,Hit-and-run,Moderate,Bicycle
2025-05-23,21:59:00,Highway,Collision,Minor,Truck
2025-05-23,13:22:00,North,Hit-and-run,Severe,Auto
2025-05-23,15:38:00,Industrial,Collision,Minor,Car
2025-05-24,09:39:00,North,Collision,Moderate,Car
2025-05-24,09:38:00,Central,Collision,Minor,Car
2025-05-24,11:20:00,North,Single Vehicle,Minor,Car
2025-05-24,08:22:00,Central,Rear-end,Minor,Motorcycle
2025-05-24,00:28:00,South,Pedestrian,Severe,Motorcycle
2025-05-24,04:13:00,South,Collision,Fatal,Motorcycle
2025-05-24,19:25:00,East,Rear-end,Minor,Bus
2025-05-24,07:50:00,East,Rear-end,Severe,Bicycle
2025-05-24,10:04:00,North,Single Vehicle,Moderate,Auto
2025-05-24,11:54:00,Central,Pedestrian,Fatal,Unknown
2025-05-24,00:30:00,West,Hit-and-run,Severe,Car
2025-05-24,21:24:00,South,Collision,Minor,Car
2025-05-24,19:30:00,South,Rear-end,Moderate,Car
2025-05-24,10:49:00,Highway,Rear-end,Moderate,Motorcycle
2025-05-25,04:19:00,Industrial,Single Vehicle,Minor,Motorcycle
2025-05-25,14:43:00,Highway,Collision,Minor,Car
2025-05-25,04:54:00,East,Collision,Severe,Truck
2025-05-25,11:16:00,Central,Rear-end,Severe,Truck
2025-05-25,04:44:00,Industrial,Collision,Severe,Car
2025-05-25,16:01:00,North,Collision,Fatal,Car
2025-05-25,16:24:00,East,Single Vehicle,Severe,Auto
2025-05-25,23:12:00,Central,Rear-end,Minor,Motorcycle
2025-05-25,11:57:00,Highway,Single Vehicle,Minor,Car
2025-05-25,23:38:00,Central,Pedestrian,Minor,Car
2025-05-25,14:27:00,Highway,Collision,Minor,Car
2025-05-25,14:41:00,Highway,Rear-end,Minor,Car
2025-05-25,05:54:00,East,Collision,Moderate,Bus
2025-05-25,11:05:00,Industrial,Single Vehicle,Severe,Car
2025-05-25,19:02:00,West,Rear-end,Severe,Car
2025-05-26,17:57:00,Highway,Rear-end,Moderate,Car
2025-05-26,13:34:00,East,Collision,Severe,Bus
2025-05-26,01:17:00,Highway,Rear-end,Moderate,Car
2025-05-26,08:10:00,East,Collision,Severe,Car
2025-05-26,04:53:00,Suburban,Collision,Minor,Motorcycle
2025-05-26,19:19:00,East,Pedestrian,Minor,Car
2025-05-26,00:04:00,East,Pedestrian,Severe,Car
2025-05-26,22:18:00,Highway,Collision,Minor,Car
2025-05-26,02:21:00,Highway,Rear-end,Moderate,Bus
2025-05-26,05:58:00,West,Single Vehicle,Minor,Bicycle
2025-05-26,04:59:00,Central,Collision,Moderate,Car
2025-05-26,20:18:00,East,Single Vehicle,Fatal,Car
2025-05-26,04:46:00,Suburban,Collision,Minor,Car
2025-05-26,00:15:00,Industrial,Hit-and-run,Severe,Bus
2025-05-27,16:23:00,Highway,Rear-end,Minor,Motorcycle
2025-05-27,18:40:00,Central,Rear-end,Minor,Bus
2025-05-27,13:03:00,East,Single Vehicle,Minor,Truck
2025-05-27,11:14:00,West,Collision,Moderate,Auto
2025-05-27,09:24:00,Highway,Collision,Minor,Auto
2025-05-27,19:43:00,Central,Rear-end,Moderate,Bus
2025-05-27,20:54:00,Highway,Pedestrian,Minor,Motorcycle
2025-05-27,17:34:00,West,Collision,Minor,Car
2025-05-27,23:54:00,North,Pedestrian,Moderate,Motorcycle
2025-05-27,10:13:00,South,Rear-end,Minor,Motorcycle
2025-05-27,01:48:00,North,Collision,Minor,Motorcycle
2025-05-27,17:18:00,East,Pedestrian,Minor,Car
2025-05-27,06:37:00,Central,Collision,Moderate,Truck
2025-05-27,23:35:00,Central,Rear-end,Moderate,Motorcycle
2025-05-28,14:06:00,Highway,Collision,Minor,Truck
2025-05-28,10:29:00,Central,Collision,Minor,Car
2025-05-28,17:18:00,North,Rear-end,Minor,Motorcycle
2025-05-28,22:48:00,East,Rear-end,Minor,Car
2025-05-28,11:24:00,East,Rear-end,Severe,Auto
2025-05-28,05:15:00,Highway,Rear-end,Moderate,Motorcycle
2025-05-28,19:46:00,East,Collision,Moderate,Car
2025-05-28,22:53:00,Highway,Rear-end,Minor,Car
2025-05-28,12:39:00,West,Single Vehicle,Moderate,Truck
2025-05-28,19:50:00,Central,Single Vehicle,Severe,Car
2025-05-28,15:07:00,Central,Collision,Moderate,Bicycle
2025-05-28,17:17:00,East,Collision,Moderate,Motorcycle
2025-05-28,09:27:00,South,Single Vehicle,Moderate,Car
2025-05-28,22:15:00,Industrial,Rear-end,Moderate,Truck
2025-05-29,07:51:00,West,Rear-end,Minor,Car
2025-05-29,17:18:00,South,Pedestrian,Moderate,Auto
2025-05-29,20:41:00,Central,Collision,Minor,Car
2025-05-29,00:16:00,North,Rear-end,Moderate,Bicycle
2025-05-29,22:44:00,West,Single Vehicle,Severe,Motorcycle
2025-05-29,07:12:00,East,Hit-and-run,Severe,Auto
2025-05-29,05:06:00,East,Collision,Minor,Car
2025-05-29,04:26:00,Central,Collision,Minor,Car
2025-05-29,14:09:00,Industrial,Collision,Minor,Truck
2025-05-29,21:33:00,Highway,Pedestrian,Moderate,Truck
2025-05-29,14:35:00,North,Collision,Severe,Car
2025-05-29,01:24:00,East,Collision,Moderate,Car
2025-05-29,00:05:00,Suburban,Single Vehicle,Minor,Car
2025-05-29,22:23:00,South,Collision,Severe,Motorcycle
2025-05-29,22:17:00,West,Collision,Fatal,Car
2025-05-30,10:22:00,Central,Collision,Minor,Car
2025-05-30,09:05:00,West,Collision,Moderate,Car
2025-05-30,17:28:00,Central,Rear-end,Moderate,Car
2025-05-30,17:24:00,Suburban,Single Vehicle,Moderate,Car
2025-05-30,16:54:00,Industrial,Single Vehicle,Fatal,Bicycle
2025-05-30,07:16:00,Highway,Rear-end,Minor,Car
2025-05-30,14:45:00,Industrial,Rear-end,Moderate,Auto
2025-05-30,07:23:00,West,Rear-end,Moderate,Motorcycle
2025-05-30,16:10:00,East,Collision,Severe,Car
2025-05-30,11:25:00,Highway,Collision,Severe,Car
2025-05-30,07:50:00,Suburban,Single Vehicle,Fatal,Truck
2025-05-30,13:33:00,East,Collision,Moderate,Truck
2025-05-30,03:27:00,Suburban,Collision,Severe,Motorcycle
2025-05-30,00:02:00,West,Rear-end,Minor,Car
2025-05-31,00:10:00,East,Rear-end,Minor,Auto
2025-05-31,18:37:00,East,Collision,Minor,Bicycle
2025-05-31,15:13:00,North,Collision,Severe,Motorcycle
2025-05-31,13:50:00,Central,Collision,Fatal,Motorcycle
2025-05-31,20:25:00,North,Hit-and-run,Minor,Motorcycle
2025-05-31,15:47:00,East,Collision,Minor,Car
2025-05-31,04:20:00,South,Rear-end,Severe,Car
2025-05-31,08:53:00,East,Rear-end,Moderate,Motorcycle
2025-05-31,01:55:00,Suburban,Single Vehicle,Fatal,Bus
2025-05-31,17:38:00,South,Collision,Minor,Car
2025-05-31,05:29:00,East,Collision,Minor,Motorcycle
2025-05-31,08:58:00,Central,Rear-end,Moderate,Auto
2025-05-31,00:07:00,Central,Pedestrian,Minor,Car
2025-05-31,08:50:00,Highway,Collision,Minor,Car
2025-06-01,15:19:00,West,Rear-end,Minor,Bus
2025-06-01,12:47:00,Highway,Collision,Minor,Car
2025-06-01,08:31:00,Central,Collision,Minor,Car
2025-06-01,20:21:00,West,Rear-end,Fatal,Car
2025-06-01,12:58:00,North,Collision,Minor,Car
2025-06-01,08:06:00,North,Single Vehicle,Minor,Auto
2025-06-01,10:08:00,Central,Rear-end,Severe,Motorcycle
2025-06-01,03:44:00,Central,Rear-end,Moderate,Car
2025-06-01,01:00:00,South,Rear-end,Moderate,Motorcycle
2025-06-01,05:28:00,Central,Rear-end,Moderate,Bicycle
2025-06-01,13:07:00,Suburban,Collision,Severe,Car
2025-06-01,03:55:00,South,Single Vehicle,Severe,Car
2025-06-01,05:53:00,Central,Single Vehicle,Moderate,Bicycle
2025-06-01,18:03:00,North,Collision,Severe,Bicycle
2025-06-01,05:34:00,West,Collision,Moderate,Car
2025-06-02,01:58:00,Central,Collision,Minor,Car
2025-06-02,17:02:00,Highway,Hit-and-run,Severe,Motorcycle
2025-06-02,12:53:00,Suburban,Hit-and-run,Moderate,Car
2025-06-02,08:44:00,North,Single Vehicle,Severe,Truck
2025-06-02,22:39:00,East,Pedestrian,Minor,Car
2025-06-02,18:06:00,Central,Rear-end,Minor,Car
2025-06-02,12:26:00,West,Rear-end,Severe,Motorcycle
2025-06-02,10:00:00,South,Hit-and-run,Minor,Bicycle
2025-06-02,00:26:00,North,Rear-end,Severe,Motorcycle
2025-06-02,23:15:00,North,Rear-end,Fatal,Car
2025-06-02,21:37:00,West,Hit-and-run,Severe,Bicycle
2025-06-02,06:06:00,South,Rear-end,Moderate,Motorcycle
2025-06-02,20:43:00,Central,Hit-and-run,Moderate,Car
2025-06-02,14:22:00,Industrial,Rear-end,Severe,Car
2025-06-03,00:40:00,West,Hit-and-run,Moderate,Car
2025-06-03,11:58:00,Highway,Hit-and-run,Moderate,Unknown
2025-06-03,06:10:00,Central,Rear-end,Fatal,Motorcycle
2025-06-03,14:41:00,Highway,Hit-and-run,Moderate,Car
2025-06-03,20:52:00,Industrial,Rear-end,Fatal,Car
2025-06-03,18:32:00,Central,Collision,Minor,Car
2025-06-03,00:49:00,Industrial,Collision,Minor,Motorcycle
2025-06-03,16:35:00,East,Rear-end,Minor,Car
2025-06-03,16:36:00,Suburban,Rear-end,Minor,Car
2025-06-03,02:40:00,Central,Single Vehicle,Moderate,Auto
2025-06-03,11:58:00,West,Collision,Minor,Motorcycle
2025-06-03,05:16:00,South,Rear-end,Fatal,Car
2025-06-03,10:34:00,Suburban,Collision,Minor,Truck
2025-06-03,02:47:00,South,Collision,Minor,Car
2025-06-04,07:04:00,Suburban,Pedestrian,Minor,Truck
2025-06-04,13:47:00,Highway,Collision,Moderate,Bus
2025-06-04,13:31:00,North,Rear-end,Minor,Truck
2025-06-04,09:02:00,Highway,Hit-and-run,Minor,Truck
2025-06-04,01:51:00,Suburban,Rear-end,Moderate,Car
2025-06-04,13:46:00,North,Single Vehicle,Minor,Truck
2025-06-04,08:34:00,East,Rear-end,Minor,Car
2025-06-04,02:51:00,East,Collision,Severe,Car
2025-06-04,20:13:00,South,Single Vehicle,Minor,Auto
2025-06-04,07:47:00,Central,Single Vehicle,Minor,Motorcycle
2025-06-04,15:30:00,North,Collision,Minor,Bicycle
2025-06-04,01:30:00,Unknown,Collision,Minor,Car
2025-06-04,05:16:00,East,Collision,Moderate,Motorcycle
2025-06-04,20:59:00,Central,Collision,Minor,Car
2025-06-05,11:23:00,Highway,Single Vehicle,Severe,Truck
2025-06-05,04:51:00,Industrial,Rear-end,Severe,Car
2025-06-05,01:22:00,Central,Collision,Minor,Car
2025-06-05,15:17:00,West,Single Vehicle,Fatal,Car
2025-06-05,04:49:00,West,Rear-end,Minor,Bus
2025-06-05,14:53:00,Suburban,Collision,Minor,Car
2025-06-05,11:13:00,Central,Single Vehicle,Minor,Auto
2025-06-05,03:49:00,North,Single Vehicle,Minor,Car
2025-06-05,14:14:00,Suburban,Single Vehicle,Moderate,Car
2025-06-05,10:14:00,Suburban,Rear-end,Minor,Car
2025-06-05,15:05:00,Industrial,Pedestrian,Severe,Bicycle
2025-06-05,22:26:00,Highway,Collision,Moderate,Car
2025-06-05,05:14:00,Central,Rear-end,Minor,Car
2025-06-05,13:49:00,East,Single Vehicle,Moderate,Bus
2025-06-05,17:35:00,North,Collision,Severe,Car
2025-06-06,11:54:00,North,Pedestrian,Minor,Truck
2025-06-06,10:07:00,Highway,Rear-end,Minor,Car
2025-06-06,12:14:00,Central,Collision,Minor,Motorcycle
2025-06-06,20:02:00,East,Pedestrian,Moderate,Car
2025-06-06,22:46:00,Suburban,Collision,Moderate,Motorcycle
2025-06-06,10:12:00,North,Hit-and-run,Minor,Bus
2025-06-06,22:40:00,Suburban,Collision,Moderate,Bus
2025-06-06,15:33:00,Suburban,Single Vehicle,Moderate,Motorcycle
2025-06-06,14:23:00,West,Collision,Moderate,Auto
2025-06-06,20:39:00,Central,Collision,Minor,Car
2025-06-06,14:31:00,South,Collision,Minor,Car
2025-06-06,03:31:00,East,Single Vehicle,Minor,Motorcycle
2025-06-06,10:29:00,South,Hit-and-run,Moderate,Truck
2025-06-06,18:51:00,North,Pedestrian,Severe,Car
2025-06-07,14:48:00,Suburban,Rear-end,Moderate,Motorcycle
2025-06-07,03:12:00,Central,Rear-end,Minor,Car
2025-06-07,20:00:00,Industrial,Collision,Minor,Bus
2025-06-07,12:33:00,Central,Rear-end,Severe,Bus
2025-06-07,21:14:00,West,Collision,Moderate,Motorcycle
2025-06-07,18:43:00,Suburban,Single Vehicle,Moderate,Car
2025-06-07,01:13:00,North,Pedestrian,Minor,Truck
2025-06-07,13:56:00,North,Rear-end,Minor,Bus
2025-06-07,03:28:00,West,Collision,Moderate,Car
2025-06-07,15:33:00,Industrial,Pedestrian,Fatal,Motorcycle
2025-06-07,20:17:00,Industrial,Collision,Moderate,Bicycle
2025-06-07,19:53:00,South,Collision,Moderate,Car
2025-06-07,13:06:00,North,Collision,Moderate,Car
2025-06-07,14:28:00,Suburban,Rear-end,Minor,Car
2025-06-08,02:54:00,Suburban,Pedestrian,Severe,Motorcycle
2025-06-08,07:30:00,East,Collision,Moderate,Auto
2025-06-08,15:24:00,Highway,Collision,Fatal,Motorcycle
2025-06-08,09:37:00,East,Rear-end,Minor,Car
2025-06-08,03:13:00,East,Pedestrian,Minor,Truck
2025-06-08,17:07:00,Central,Collision,Moderate,Truck
2025-06-08,01:26:00,East,Collision,Minor,Motorcycle
2025-06-08,16:53:00,East,Single Vehicle,Minor,Car
2025-06-08,12:01:00,Central,Single Vehicle,Minor,Truck
2025-06-08,03:16:00,East,Single Vehicle,Moderate,Motorcycle
2025-06-08,10:36:00,Highway,Pedestrian,Moderate,Car
2025-06-08,06:13:00,Industrial,Collision,Minor,Motorcycle
2025-06-08,11:24:00,West,Collision,Moderate,Bicycle
2025-06-08,09:55:00,Highway,Collision,Minor,Car
2025-06-09,06:29:00,Central,Collision,Severe,Bicycle
2025-06-09,12:28:00,West,Single Vehicle,Moderate,Car
2025-06-09,06:19:00,Highway,Pedestrian,Moderate,Truck
2025-06-09,23:20:00,West,Hit-and-run,Minor,Car
2025-06-09,16:52:00,South,Collision,Moderate,Car
2025-06-09,09:21:00,Central,Single Vehicle,Moderate,Motorcycle
2025-06-09,09:34:00,Highway,Pedestrian,Severe,Motorcycle
2025-06-09,23:36:00,East,Collision,Minor,Bus
2025-06-09,03:15:00,Highway,Single Vehicle,Minor,Motorcycle
2025-06-09,19:49:00,West,Collision,Moderate,Motorcycle
2025-06-09,03:57:00,Industrial,Collision,Minor,Auto
2025-06-09,21:48:00,Highway,Hit-and-run,Minor,Motorcycle
2025-06-09,06:42:00,West,Hit-and-run,Severe,Car
2025-06-09,21:16:00,South,Collision,Minor,Car
2025-06-09,00:15:00,East,Collision,Fatal,Car
2025-06-10,11:57:00,Highway,Single Vehicle,Minor,Truck
2025-06-10,23:54:00,South,Hit-and-run,Moderate,Car
2025-06-10,12:01:00,South,Hit-and-run,Moderate,Car
2025-06-10,09:03:00,Central,Collision,Moderate,Car
2025-06-10,14:20:00,Suburban,Collision,Fatal,Motorcycle
2025-06-10,12:38:00,Central,Collision,Minor,Car
2025-06-10,22:33:00,West,Collision,Severe,Car
2025-06-10,21:29:00,South,Collision,Moderate,Motorcycle
2025-06-10,21:05:00,South,Collision,Minor,Bus
2025-06-10,20:16:00,Industrial,Rear-end,Severe,Car
2025-06-10,21:38:00,Central,Collision,Minor,Motorcycle
2025-06-10,08:24:00,West,Pedestrian,Severe,Car
2025-06-10,08:04:00,Highway,Collision,Minor,Auto
2025-06-10,14:04:00,Highway,Rear-end,Severe,Car
2025-06-11,09:19:00,Central,Collision,Moderate,Bicycle
2025-06-11,23:15:00,Highway,Rear-end,Minor,Bicycle
2025-06-11,09:50:00,West,Collision,Moderate,Bus
2025-06-11,07:40:00,Highway,Single Vehicle,Minor,Car
2025-06-11,23:36:00,East,Pedestrian,Minor,Motorcycle
2025-06-11,15:39:00,West,Rear-end,Minor,Car
2025-06-11,16:08:00,Suburban,Collision,Minor,Auto
2025-06-11,04:04:00,Highway,Rear-end,Minor,Bus
2025-06-11,03:41:00,East,Pedestrian,Moderate,Bicycle
2025-06-11,17:56:00,North,Collision,Moderate,Motorcycle
2025-06-11,23:01:00,South,Rear-end,Moderate,Motorcycle
2025-06-11,18:08:00,South,Pedestrian,Minor,Motorcycle
2025-06-11,03:42:00,North,Pedestrian,Moderate,Car
2025-06-11,06:35:00,North,Pedestrian,Moderate,Motorcycle
2025-06-12,09:21:00,Highway,Single Vehicle,Minor,Truck
2025-06-12,17:21:00,Central,Single Vehicle,Severe,Auto
2025-06-12,18:21:00,Industrial,Rear-end,Moderate,Motorcycle
2025-06-12,03:33:00,Central,Rear-end,Moderate,Auto
2025-06-12,09:54:00,South,Pedestrian,Minor,Auto
2025-06-12,00:28:00,Unknown,Hit-and-run,Minor,Motorcycle
2025-06-12,22:37:00,North,Single Vehicle,Severe,Car
2025-06-12,17:58:00,Highway,Collision,Severe,Truck
2025-06-12,04:45:00,Highway,Collision,Minor,Motorcycle
2025-06-12,14:32:00,North,Collision,Minor,Car
2025-06-12,16:17:00,East,Collision,Moderate,Car
2025-06-12,02:06:00,East,Collision,Moderate,Bicycle
2025-06-12,11:00:00,Highway,Hit-and-run,Severe,Car
2025-06-12,01:32:00,Highway,Collision,Minor,Truck
2025-06-12,00:00:00,East,Pedestrian,Minor,Auto
2025-06-13,22:23:00,Industrial,Hit-and-run,Minor,Truck
2025-06-13,20:03:00,Highway,Collision,Minor,Motorcycle
2025-06-13,16:03:00,Central,Collision,Minor,Truck
2025-06-13,21:17:00,South,Hit-and-run,Severe,Motorcycle
2025-06-13,15:26:00,Highway,Pedestrian,Moderate,Car
2025-06-13,04:42:00,Industrial,Single Vehicle,Severe,Bicycle
2025-06-13,14:58:00,West,Single Vehicle,Minor,Motorcycle
2025-06-13,02:31:00,East,Single Vehicle,Minor,Truck
2025-06-13,06:32:00,South,Rear-end,Minor,Motorcycle
2025-06-13,10:27:00,East,Single Vehicle,Minor,Car
2025-06-13,09:41:00,West,Pedestrian,Severe,Bicycle
2025-06-13,08:40:00,South,Single Vehicle,Minor,Bus
2025-06-13,13:54:00,Industrial,Collision,Minor,Car
2025-06-13,12:35:00,Highway,Single Vehicle,Minor,Bicycle
2025-06-14,01:59:00,Central,Rear-end,Minor,Truck
2025-06-14,02:05:00,East,Pedestrian,Moderate,Motorcycle
2025-06-14,06:15:00,South,Collision,Minor,Motorcycle
2025-06-14,20:33:00,Industrial,Rear-end,Moderate,Car
2025-06-14,17:22:00,North,Collision,Moderate,Motorcycle
2025-06-14,02:49:00,West,Collision,Minor,Car
2025-06-14,09:41:00,Highway,Collision,Minor,Motorcycle
2025-06-14,21:23:00,South,Pedestrian,Moderate,Motorcycle
2025-06-14,06:55:00,Suburban,Collision,Moderate,Auto
2025-06-14,08:48:00,Suburban,Collision,Minor,Truck
2025-06-14,16:12:00,Central,Collision,Minor,Car
2025-06-14,10:55:00,North,Rear-end,Minor,Auto
2025-06-14,06:17:00,Suburban,Collision,Minor,Motorcycle
2025-06-14,23:53:00,Suburban,Collision,Minor,Motorcycle
2025-06-15,13:12:00,Central,Rear-end,Minor,Car
2025-06-15,18:48:00,Central,Hit-and-run,Minor,Auto
2025-06-15,03:36:00,Central,Collision,Minor,Auto
2025-06-15,05:42:00,Suburban,Collision,Minor,Bus
2025-06-15,09:38:00,Central,Collision,Severe,Auto
2025-06-15,06:41:00,East,Single Vehicle,Moderate,Car
2025-06-15,12:16:00,Highway,Rear-end,Severe,Auto
2025-06-15,13:14:00,Central,Rear-end,Minor,Motorcycle
2025-06-15,03:17:00,West,Collision,Moderate,Car
2025-06-15,07:22:00,North,Rear-end,Minor,Truck
2025-06-15,04:53:00,Highway,Collision,Moderate,Truck
2025-06-15,00:50:00,North,Collision,Minor,Car
2025-06-15,03:29:00,Industrial,Rear-end,Minor,Car
2025-06-15,02:57:00,Industrial,Rear-end,Severe,Car
2025-06-16,08:33:00,North,Collision,Moderate,Car
2025-06-16,07:57:00,Central,Hit-and-run,Severe,Car
2025-06-16,00:03:00,South,Single Vehicle,Minor,Car
2025-06-16,05:02:00,North,Rear-end,Minor,Car
2025-06-16,08:06:00,Highway,Hit-and-run,Minor,Bicycle
2025-06-16,06:55:00,Highway,Single Vehicle,Moderate,Bus
2025-06-16,03:17:00,East,Pedestrian,Moderate,Car
2025-06-16,12:41:00,West,Rear-end,Severe,Bicycle
2025-06-16,16:06:00,West,Hit-and-run,Minor,Truck
2025-06-16,01:39:00,Highway,Collision,Moderate,Motorcycle
2025-06-16,04:05:00,East,Rear-end,Minor,Motorcycle
2025-06-16,11:21:00,North,Collision,Minor,Car
2025-06-16,20:57:00,North,Collision,Moderate,Car
2025-06-16,07:00:00,East,Rear-end,Moderate,Car
2025-06-16,05:03:00,East,Collision,Minor,Motorcycle
2025-06-17,07:45:00,East,Hit-and-run,Minor,Motorcycle
2025-06-17,17:48:00,Central,Rear-end,Minor,Bus
2025-06-17,02:51:00,Industrial,Rear-end,Minor,Car
2025-06-17,21:49:00,North,Collision,Minor,Truck
2025-06-17,11:42:00,North,Collision,Minor,Motorcycle
2025-06-17,02:28:00,South,Rear-end,Minor,Bicycle
2025-06-17,21:20:00,North,Single Vehicle,Fatal,Car
2025-06-17,05:25:00,West,Collision,Severe,Auto
2025-06-17,01:13:00,South,Collision,Moderate,Auto
2025-06-17,22:08:00,East,Single Vehicle,Fatal,Truck
2025-06-17,11:58:00,East,Collision,Moderate,Truck
2025-06-17,01:46:00,North,Single Vehicle,Minor,Car
2025-06-17,05:11:00,Central,Rear-end,Minor,Bicycle
2025-06-17,16:41:00,Highway,Rear-end,Severe,Car
2025-06-18,02:50:00,East,Collision,Moderate,Motorcycle
2025-06-18,01:55:00,South,Collision,Severe,Car
2025-06-18,22:50:00,Central,Collision,Severe,Motorcycle
2025-06-18,19:05:00,East,Single Vehicle,Minor,Motorcycle
2025-06-18,07:19:00,West,Hit-and-run,Minor,Auto
2025-06-18,21:23:00,West,Hit-and-run,Minor,Motorcycle
2025-06-18,11:26:00,Industrial,Pedestrian,Minor,Bicycle
2025-06-18,03:37:00,Central,Collision,Minor,Motorcycle
2025-06-18,04:07:00,North,Rear-end,Minor,Car
2025-06-18,12:00:00,Highway,Rear-end,Minor,Car
2025-06-18,14:53:00,Suburban,Pedestrian,Minor,Truck
2025-06-18,22:48:00,Central,Collision,Minor,Car
2025-06-18,15:48:00,East,Hit-and-run,Minor,Motorcycle
2025-06-18,09:23:00,North,Single Vehicle,Minor,Car
2025-06-19,22:46:00,Central,Rear-end,Minor,Motorcycle
2025-06-19,15:06:00,South,Collision,Moderate,Bus
2025-06-19,11:18:00,Central,Rear-end,Severe,Motorcycle
2025-06-19,16:21:00,Industrial,Collision,Minor,Car
2025-06-19,15:56:00,East,Hit-and-run,Minor,Car
2025-06-19,11:54:00,Central,Single Vehicle,Severe,Car
2025-06-19,07:59:00,Central,Rear-end,Moderate,Car
2025-06-19,19:34:00,Highway,Rear-end,Moderate,Motorcycle
2025-06-19,02:29:00,Central,Hit-and-run,Minor,Motorcycle
2025-06-19,15:28:00,West,Collision,Severe,Car
2025-06-19,12:21:00,South,Collision,Severe,Car
2025-06-19,22:10:00,West,Single Vehicle,Moderate,Car
2025-06-19,18:19:00,South,Hit-and-run,Minor,Car
2025-06-19,07:28:00,Central,Collision,Severe,Motorcycle
2025-06-19,21:50:00,North,Collision,Severe,Car
2025-06-20,04:40:00,North,Hit-and-run,Moderate,Car
2025-06-20,19:41:00,East,Pedestrian,Minor,Bus
2025-06-20,07:33:00,West,Pedestrian,Severe,Car
2025-06-20,23:00:00,North,Collision,Minor,Unknown
2025-06-20,11:30:00,Central,Single Vehicle,Minor,Motorcycle
2025-06-20,00:29:00,East,Rear-end,Moderate,Car
2025-06-20,20:47:00,West,Hit-and-run,Minor,Truck
2025-06-20,19:17:00,Suburban,Rear-end,Moderate,Motorcycle
2025-06-20,05:54:00,West,Collision,Moderate,Motorcycle
2025-06-20,21:57:00,East,Single Vehicle,Minor,Truck
2025-06-20,17:16:00,West,Collision,Moderate,Bus
2025-06-20,07:37:00,Suburban,Collision,Severe,Bicycle
2025-06-20,06:13:00,Highway,Pedestrian,Minor,Truck
2025-06-20,00:22:00,South,Rear-end,Moderate,Auto
2025-06-21,20:24:00,North,Pedestrian,Minor,Car
2025-06-21,15:14:00,North,Rear-end,Minor,Motorcycle
2025-06-21,11:45:00,East,Collision,Minor,Car
2025-06-21,05:55:00,Industrial,Single Vehicle,Minor,Car
2025-06-21,19:21:00,East,Collision,Minor,Motorcycle
2025-06-21,01:02:00,Central,Single Vehicle,Fatal,Bus
2025-06-21,13:55:00,Industrial,Collision,Moderate,Car
2025-06-21,03:54:00,Highway,Single Vehicle,Moderate,Truck
2025-06-21,00:18:00,North,Collision,Minor,Motorcycle
2025-06-21,22:56:00,Industrial,Rear-end,Moderate,Motorcycle
2025-06-21,17:43:00,East,Single Vehicle,Minor,Car
2025-06-21,12:33:00,Highway,Rear-end,Minor,Car
2025-06-21,01:34:00,Highway,Pedestrian,Minor,Car
2025-06-21,08:49:00,East,Pedestrian,Minor,Truck
2025-06-22,20:00:00,Industrial,Hit-and-run,Minor,Car
2025-06-22,01:51:00,Highway,Single Vehicle,Moderate,Car
2025-06-22,08:20:00,East,Rear-end,Severe,Truck
2025-06-22,00:28:00,South,Collision,Minor,Motorcycle
2025-06-22,10:05:00,Industrial,Collision,Minor,Motorcycle
2025-06-22,02:36:00,North,Collision,Minor,Car
2025-06-22,19:00:00,South,Collision,Fatal,Car
2025-06-22,22:50:00,Highway,Rear-end,Severe,Bus
2025-06-22,03:00:00,Industrial,Collision,Moderate,Auto
2025-06-22,17:26:00,South,Collision,Severe,Truck
2025-06-22,22:20:00,North,Collision,Minor,Car
2025-06-22,05:52:00,South,Pedestrian,Fatal,Truck
2025-06-22,02:15:00,North,Rear-end,Minor,Car
2025-06-22,21:43:00,Central,Collision,Minor,Car
2025-06-23,10:58:00,Industrial,Single Vehicle,Moderate,Car
2025-06-23,14:53:00,North,Collision,Minor,Bus
2025-06-23,21:39:00,East,Single Vehicle,Moderate,Truck
2025-06-23,04:25:00,South,Rear-end,Minor,Motorcycle
2025-06-23,19:15:00,Suburban,Collision,Moderate,Truck
2025-06-23,09:27:00,South,Hit-and-run,Minor,Car
2025-06-23,11:00:00,Central,Pedestrian,Minor,Motorcycle
2025-06-23,14:35:00,Central,Rear-end,Severe,Truck
2025-06-23,16:09:00,West,Single Vehicle,Severe,Truck
2025-06-23,09:42:00,West,Collision,Fatal,Bus
2025-06-23,05:16:00,South,Collision,Moderate,Car
2025-06-23,17:56:00,East,Collision,Moderate,Bus
2025-06-23,12:58:00,Central,Collision,Moderate,Motorcycle
2025-06-23,02:22:00,East,Collision,Minor,Truck
2025-06-23,23:06:00,East,Single Vehicle,Minor,Motorcycle
2025-06-24,09:43:00,Central,Collision,Minor,Auto
2025-06-24,13:52:00,Central,Rear-end,Severe,Car
2025-06-24,05:06:00,Central,Rear-end,Minor,Truck
2025-06-24,02:43:00,Central,Single Vehicle,Severe,Motorcycle
2025-06-24,15:14:00,West,Single Vehicle,Moderate,Car
2025-06-24,06:33:00,North,Pedestrian,Moderate,Car
2025-06-24,19:45:00,North,Single Vehicle,Minor,Bus
2025-06-24,13:44:00,Central,Pedestrian,Minor,Car
2025-06-24,08:03:00,Suburban,Single Vehicle,Fatal,Car
2025-06-24,14:13:00,Highway,Hit-and-run,Minor,Bicycle
2025-06-24,20:13:00,North,Collision,Minor,Truck
2025-06-24,02:15:00,South,Rear-end,Minor,Car
2025-06-24,01:06:00,North,Hit-and-run,Minor,Motorcycle
2025-06-24,01:31:00,East,Collision,Minor,Motorcycle
2025-06-25,02:18:00,Central,Collision,Moderate,Auto
2025-06-25,17:01:00,Industrial,Rear-end,Minor,Truck
2025-06-25,13:09:00,East,Single Vehicle,Moderate,Auto
2025-06-25,19:49:00,Highway,Collision,Minor,Car
2025-06-25,17:16:00,Central,Pedestrian,Severe,Truck
2025-06-25,09:36:00,Highway,Hit-and-run,Moderate,Car
2025-06-25,01:11:00,Highway,Single Vehicle,Minor,Car
2025-06-25,21:05:00,Central,Single Vehicle,Minor,Truck
2025-06-25,00:21:00,South,Pedestrian,Minor,Car
2025-06-25,03:31:00,Central,Rear-end,Severe,Motorcycle
2025-06-25,13:40:00,North,Collision,Moderate,Auto
2025-06-25,00:19:00,North,Rear-end,Severe,Car
2025-06-25,13:00:00,West,Pedestrian,Minor,Car
2025-06-25,15:53:00,South,Single Vehicle,Minor,Truck
2025-06-26,21:46:00,Suburban,Pedestrian,Minor,Auto
2025-06-26,13:52:00,Central,Collision,Minor,Truck
2025-06-26,19:57:00,Suburban,Rear-end,Moderate,Motorcycle
2025-06-26,02:05:00,North,Collision,Minor,Car
2025-06-26,02:18:00,Highway,Collision,Moderate,Car
2025-06-26,08:17:00,South,Collision,Moderate,Truck
2025-06-26,05:05:00,Central,Collision,Severe,Car
2025-06-26,12:44:00,Highway,Single Vehicle,Minor,Auto
2025-06-26,20:32:00,South,Collision,Severe,Motorcycle
2025-06-26,01:22:00,West,Collision,Fatal,Motorcycle
2025-06-26,07:22:00,West,Single Vehicle,Severe,Bus
2025-06-26,20:25:00,East,Collision,Moderate,Bus
2025-06-26,01:12:00,East,Collision,Severe,Truck
2025-06-26,03:06:00,Industrial,Collision,Moderate,Auto
2025-06-26,14:14:00,Central,Collision,Minor,Bicycle
2025-06-27,03:43:00,Industrial,Collision,Moderate,Auto
2025-06-27,12:26:00,Highway,Collision,Moderate,Auto
2025-06-27,11:25:00,Central,Rear-end,Fatal,Truck
2025-06-27,12:32:00,Central,Collision,Moderate,Truck
2025-06-27,13:14:00,Industrial,Collision,Minor,Car
2025-06-27,19:35:00,East,Single Vehicle,Moderate,Car
2025-06-27,17:44:00,South,Rear-end,Fatal,Car
2025-06-27,05:54:00,Central,Single Vehicle,Minor,Car
2025-06-27,10:26:00,East,Rear-end,Minor,Motorcycle
2025-06-27,01:56:00,Central,Rear-end,Moderate,Car
2025-06-27,22:04:00,East,Pedestrian,Minor,Auto
2025-06-27,18:01:00,Highway,Collision,Minor,Bus
2025-06-27,18:54:00,North,Collision,Minor,Car
2025-06-27,04:57:00,East,Hit-and-run,Severe,Car
2025-06-28,18:32:00,Suburban,Rear-end,Minor,Bus
2025-06-28,01:15:00,Industrial,Pedestrian,Minor,Bus
2025-06-28,09:22:00,Highway,Single Vehicle,Moderate,Auto
2025-06-28,01:37:00,South,Rear-end,Fatal,Bicycle
2025-06-28,10:54:00,Highway,Rear-end,Fatal,Bicycle
2025-06-28,17:15:00,Central,Rear-end,Minor,Car
2025-06-28,23:13:00,Central,Single Vehicle,Fatal,Car
2025-06-28,14:28:00,North,Pedestrian,Minor,Bus
2025-06-28,08:25:00,Unknown,Single Vehicle,Moderate,Car
2025-06-28,22:34:00,Highway,Collision,Moderate,Bus
2025-06-28,18:14:00,South,Pedestrian,Minor,Motorcycle
2025-06-28,08:02:00,West,Collision,Moderate,Bus
2025-06-28,02:22:00,Industrial,Collision,Minor,Car
2025-06-28,20:28:00,West,Single Vehicle,Severe,Motorcycle
2025-06-29,08:33:00,South,Collision,Minor,Motorcycle
2025-06-29,13:32:00,West,Single Vehicle,Moderate,Auto
2025-06-29,18:40:00,South,Collision,Minor,Car
2025-06-29,06:40:00,Central,Pedestrian,Minor,Auto
2025-06-29,15:22:00,Suburban,Collision,Fatal,Bus
2025-06-29,15:06:00,Central,Collision,Moderate,Truck
2025-06-29,00:02:00,Central,Collision,Fatal,Bus
2025-06-29,03:57:00,Highway,Rear-end,Minor,Motorcycle
2025-06-29,03:31:00,South,Collision,Minor,Car
2025-06-29,06:30:00,West,Hit-and-run,Moderate,Car
2025-06-29,07:17:00,South,Collision,Moderate,Auto
2025-06-29,16:42:00,South,Collision,Minor,Truck
2025-06-29,04:06:00,North,Collision,Moderate,Car
2025-06-29,06:40:00,South,Rear-end,Minor,Motorcycle
2025-06-30,19:00:00,South,Pedestrian,Minor,Motorcycle
2025-06-30,19:13:00,Industrial,Single Vehicle,Minor,Car
2025-06-30,03:51:00,East,Collision,Moderate,Motorcycle
2025-06-30,05:31:00,Suburban,Rear-end,Moderate,Car
2025-06-30,06:05:00,Central,Pedestrian,Moderate,Car
2025-06-30,17:38:00,East,Collision,Moderate,Motorcycle
2025-06-30,04:09:00,West,Rear-end,Minor,Motorcycle
2025-06-30,19:06:00,Suburban,Rear-end,Severe,Car
2025-06-30,02:25:00,Central,Collision,Severe,Car
2025-06-30,06:33:00,West,Collision,Moderate,Car
2025-06-30,21:29:00,Highway,Collision,Minor,Car
2025-06-30,13:35:00,North,Hit-and-run,Moderate,Car
2025-06-30,06:20:00,Highway,Collision,Moderate,Car
2025-06-30,04:59:00,Central,Collision,Fatal,Car
2025-06-30,21:16:00,Industrial,Collision,Fatal,Bus
2025-07-01,04:32:00,Suburban,Collision,Severe,Motorcycle
2025-07-01,22:09:00,West,Collision,Minor,Car
2025-07-01,01:50:00,East,Single Vehicle,Fatal,Car
2025-07-01,20:46:00,Central,Collision,Moderate,Car
2025-07-01,21:41:00,Suburban,Hit-and-run,Severe,Bus
2025-07-01,05:50:00,East,Rear-end,Minor,Car
2025-07-01,14:11:00,Central,Hit-and-run,Minor,Car
2025-07-01,20:55:00,Industrial,Rear-end,Minor,Car
2025-07-01,09:15:00,East,Collision,Minor,Motorcycle
2025-07-01,22:40:00,Central,Single Vehicle,Minor,Car
2025-07-01,23:31:00,North,Rear-end,Severe,Truck
2025-07-01,06:14:00,Central,Pedestrian,Minor,Car
2025-07-01,04:26:00,West,Rear-end,Minor,Car
2025-07-01,00:27:00,West,Single Vehicle,Minor,Truck
2025-07-02,12:16:00,Unknown,Pedestrian,Minor,Truck
2025-07-02,20:45:00,Highway,Single Vehicle,Fatal,Truck
2025-07-02,17:58:00,Highway,Rear-end,Minor,Car
2025-07-02,12:49:00,West,Rear-end,Minor,Motorcycle
2025-07-02,20:57:00,Central,Pedestrian,Severe,Car
2025-07-02,20:01:00,Industrial,Single Vehicle,Severe,Truck
2025-07-02,17:35:00,South,Single Vehicle,Minor,Motorcycle
2025-07-02,04:49:00,West,Collision,Moderate,Car
2025-07-02,12:06:00,West,Pedestrian,Moderate,Truck
2025-07-02,03:12:00,South,Collision,Moderate,Truck
2025-07-02,16:14:00,Suburban,Rear-end,Moderate,Car
2025-07-02,02:24:00,Central,Collision,Fatal,Auto
2025-07-02,16:22:00,Industrial,Collision,Minor,Auto
2025-07-02,10:59:00,Central,Single Vehicle,Minor,Car
2025-07-03,20:21:00,Suburban,Collision,Minor,Auto
2025-07-03,19:25:00,Central,Hit-and-run,Minor,Motorcycle
2025-07-03,22:32:00,Central,Rear-end,Severe,Truck
2025-07-03,20:10:00,South,Collision,Moderate,Bus
2025-07-03,03:09:00,South,Collision,Minor,Motorcycle
2025-07-03,01:24:00,North,Rear-end,Minor,Car
2025-07-03,19:36:00,West,Collision,Minor,Auto
2025-07-03,15:47:00,East,Pedestrian,Fatal,Car
2025-07-03,17:42:00,Central,Single Vehicle,Moderate,Car
2025-07-03,07:52:00,South,Collision,Moderate,Car
2025-07-03,02:37:00,Highway,Collision,Moderate,Auto
2025-07-03,08:40:00,Industrial,Rear-end,Moderate,Auto
2025-07-03,19:44:00,Industrial,Pedestrian,Moderate,Car
2025-07-03,05:23:00,Industrial,Collision,Minor,Auto
2025-07-03,09:39:00,South,Collision,Severe,Car
2025-07-04,20:45:00,Central,Rear-end,Moderate,Bicycle
2025-07-04,09:55:00,North,Single Vehicle,Moderate,Motorcycle
2025-07-04,12:32:00,Highway,Rear-end,Fatal,Car
2025-07-04,16:16:00,Suburban,Rear-end,Severe,Car
2025-07-04,08:23:00,East,Single Vehicle,Severe,Car
2025-07-04,16:36:00,Central,Hit-and-run,Fatal,Car
2025-07-04,23:56:00,Central,Hit-and-run,Minor,Bus
2025-07-04,08:01:00,South,Rear-end,Moderate,Car
2025-07-04,08:31:00,West,Single Vehicle,Moderate,Bicycle
2025-07-04,00:56:00,Central,Hit-and-run,Minor,Truck
2025-07-04,01:59:00,Suburban,Single Vehicle,Severe,Truck
2025-07-04,15:23:00,South,Hit-and-run,Moderate,Car
2025-07-04,00:08:00,Suburban,Hit-and-run,Moderate,Auto
2025-07-04,09:03:00,Highway,Collision,Fatal,Truck
2025-07-05,17:16:00,Industrial,Collision,Minor,Auto
2025-07-05,07:16:00,West,Pedestrian,Moderate,Bicycle
2025-07-05,20:52:00,West,Collision,Moderate,Car
2025-07-05,10:49:00,West,Rear-end,Minor,Car
2025-07-05,22:47:00,West,Collision,Minor,Bus
2025-07-05,01:29:00,West,Pedestrian,Severe,Auto
2025-07-05,07:39:00,Suburban,Collision,Moderate,Motorcycle
2025-07-05,21:57:00,Industrial,Pedestrian,Severe,Car
2025-07-05,07:10:00,Highway,Rear-end,Moderate,Truck
2025-07-05,16:20:00,Highway,Collision,Minor,Car
2025-07-05,14:20:00,North,Rear-end,Minor,Car
2025-07-05,16:17:00,Central,Collision,Minor,Motorcycle
2025-07-05,22:54:00,East,Collision,Fatal,Car
2025-07-05,23:28:00,East,Collision,Minor,Motorcycle
2025-07-06,12:23:00,Highway,Collision,Fatal,Bicycle
2025-07-06,18:09:00,East,Single Vehicle,Fatal,Auto
2025-07-06,04:44:00,West,Collision,Fatal,Auto
2025-07-06,11:16:00,East,Hit-and-run,Minor,Bus
2025-07-06,00:17:00,Central,Collision,Fatal,Car
2025-07-06,22:41:00,West,Hit-and-run,Minor,Bus
2025-07-06,04:47:00,Highway,Collision,Minor,Auto
2025-07-06,07:19:00,Central,Hit-and-run,Minor,Auto
2025-07-06,12:36:00,West,Hit-and-run,Severe,Truck
2025-07-06,07:44:00,Unknown,Hit-and-run,Minor,Car
2025-07-06,22:17:00,Central,Collision,Moderate,Car
2025-07-06,10:16:00,Central,Hit-and-run,Minor,Car
2025-07-06,00:08:00,Suburban,Collision,Minor,Bicycle
2025-07-06,12:13:00,South,Collision,Minor,Motorcycle
2025-07-07,18:48:00,North,Rear-end,Severe,Auto
2025-07-07,23:28:00,Central,Rear-end,Moderate,Motorcycle
2025-07-07,02:30:00,Industrial,Rear-end,Severe,Truck
2025-07-07,23:03:00,West,Hit-and-run,Moderate,Car
2025-07-07,16:17:00,West,Collision,Fatal,Car
2025-07-07,04:58:00,Central,Collision,Moderate,Motorcycle
2025-07-07,19:19:00,Highway,Collision,Moderate,Truck
2025-07-07,20:55:00,South,Hit-and-run,Moderate,Car
2025-07-07,07:55:00,South,Rear-end,Moderate,Bus
2025-07-07,13:46:00,East,Collision,Severe,Car
2025-07-07,03:42:00,South,Hit-and-run,Moderate,Bus
2025-07-07,10:43:00,Highway,Rear-end,Severe,Car
2025-07-07,19:08:00,Suburban,Rear-end,Moderate,Truck
2025-07-07,14:12:00,South,Rear-end,Minor,Car
2025-07-07,18:14:00,Highway,Hit-and-run,Moderate,Bus
2025-07-08,06:26:00,Highway,Hit-and-run,Minor,Car
2025-07-08,18:14:00,Suburban,Collision,Moderate,Truck
2025-07-08,18:27:00,North,Collision,Moderate,Auto
2025-07-08,10:36:00,West,Collision,Fatal,Car
2025-07-08,04:54:00,North,Hit-and-run,Minor,Car
2025-07-08,04:18:00,Highway,Single Vehicle,Minor,Bus
2025-07-08,21:25:00,Central,Rear-end,Minor,Truck
2025-07-08,07:51:00,West,Collision,Minor,Car
2025-07-08,09:25:00,South,Pedestrian,Severe,Motorcycle
2025-07-08,05:24:00,South,Pedestrian,Severe,Car
2025-07-08,14:25:00,West,Single Vehicle,Moderate,Car
2025-07-08,15:25:00,Highway,Rear-end,Severe,Motorcycle
2025-07-08,16:45:00,West,Single Vehicle,Minor,Auto
2025-07-08,07:27:00,Highway,Collision,Minor,Motorcycle
2025-07-09,07:48:00,North,Collision,Minor,Motorcycle
2025-07-09,08:17:00,East,Collision,Severe,Auto
2025-07-09,01:31:00,East,Hit-and-run,Moderate,Car
2025-07-09,14:52:00,Central,Collision,Moderate,Truck
2025-07-09,17:02:00,West,Rear-end,Minor,Auto
2025-07-09,02:01:00,Industrial,Rear-end,Minor,Car
2025-07-09,16:32:00,West,Collision,Fatal,Car
2025-07-09,03:41:00,Industrial,Single Vehicle,Minor,Bicycle
2025-07-09,03:18:00,West,Collision,Moderate,Bicycle
2025-07-09,13:16:00,Central,Collision,Minor,Car
2025-07-09,08:43:00,Central,Pedestrian,Minor,Car
2025-07-09,08:32:00,West,Collision,Moderate,Car
2025-07-09,22:11:00,North,Hit-and-run,Minor,Car
2025-07-09,17:48:00,Central,Pedestrian,Moderate,Motorcycle
2025-07-10,09:55:00,East,Single Vehicle,Moderate,Motorcycle
2025-07-10,20:02:00,West,Single Vehicle,Moderate,Auto
2025-07-10,03:42:00,South,Collision,Moderate,Car
2025-07-10,11:48:00,Industrial,Rear-end,Moderate,Auto
2025-07-10,07:54:00,West,Collision,Minor,Car
2025-07-10,01:25:00,South,Collision,Moderate,Car
2025-07-10,21:34:00,Industrial,Collision,Moderate,Motorcycle
2025-07-10,12:07:00,West,Collision,Minor,Car
2025-07-10,20:51:00,West,Single Vehicle,Severe,Car
2025-07-10,15:35:00,West,Collision,Moderate,Auto
2025-07-10,01:52:00,Central,Rear-end,Severe,Car
2025-07-10,10:53:00,Industrial,Rear-end,Severe,Truck
2025-07-10,09:06:00,South,Rear-end,Minor,Car
2025-07-10,14:45:00,Suburban,Single Vehicle,Moderate,Car
2025-07-10,16:45:00,Highway,Collision,Minor,Motorcycle
2025-07-11,07:35:00,West,Hit-and-run,Minor,Auto
2025-07-11,17:15:00,North,Rear-end,Severe,Car
2025-07-11,22:23:00,North,Collision,Moderate,Motorcycle
2025-07-11,08:53:00,South,Rear-end,Minor,Auto
2025-07-11,07:00:00,East,Pedestrian,Moderate,Bus
2025-07-11,13:48:00,South,Collision,Fatal,Unknown
2025-07-11,17:24:00,East,Collision,Moderate,Truck
2025-07-11,21:09:00,Central,Collision,Moderate,Motorcycle
2025-07-11,19:53:00,Suburban,Pedestrian,Moderate,Bus
2025-07-11,19:15:00,Central,Hit-and-run,Minor,Motorcycle
2025-07-11,20:15:00,Suburban,Rear-end,Minor,Car
2025-07-11,11:57:00,Suburban,Rear-end,Moderate,Motorcycle
2025-07-11,18:07:00,East,Single Vehicle,Moderate,Motorcycle
2025-07-11,13:28:00,Industrial,Pedestrian,Moderate,Motorcycle
2025-07-12,16:38:00,East,Pedestrian,Moderate,Auto
2025-07-12,23:27:00,West,Pedestrian,Moderate,Auto
2025-07-12,20:05:00,South,Hit-and-run,Minor,Motorcycle
2025-07-12,02:15:00,South,Rear-end,Minor,Motorcycle
2025-07-12,22:19:00,West,Single Vehicle,Minor,Motorcycle
2025-07-12,06:15:00,East,Single Vehicle,Moderate,Motorcycle
2025-07-12,16:06:00,West,Collision,Minor,Bicycle
2025-07-12,11:40:00,North,Collision,Moderate,Truck
2025-07-12,08:13:00,South,Single Vehicle,Minor,Car
2025-07-12,14:42:00,Central,Collision,Moderate,Motorcycle
2025-07-12,17:25:00,Central,Single Vehicle,Minor,Truck
2025-07-12,20:25:00,North,Rear-end,Moderate,Truck
2025-07-12,12:13:00,Central,Collision,Minor,Motorcycle
2025-07-12,20:06:00,Central,Collision,Minor,Car
2025-07-13,07:32:00,Highway,Collision,Severe,Car
2025-07-13,13:25:00,Central,Collision,Minor,Car
2025-07-13,07:56:00,West,Rear-end,Moderate,Motorcycle
2025-07-13,13:44:00,North,Hit-and-run,Severe,Car
2025-07-13,06:19:00,Highway,Single Vehicle,Moderate,Bus
2025-07-13,22:02:00,East,Rear-end,Severe,Car
2025-07-13,11:51:00,South,Rear-end,Minor,Auto
2025-07-13,10:03:00,East,Rear-end,Moderate,Car
2025-07-13,21:25:00,South,Rear-end,Minor,Car
2025-07-13,21:10:00,West,Rear-end,Minor,Motorcycle
2025-07-13,10:01:00,Central,Collision,Minor,Car
2025-07-13,21:13:00,Suburban,Collision,Minor,Auto
2025-07-13,12:43:00,East,Collision,Moderate,Car
2025-07-13,17:29:00,South,Collision,Severe,Car
2025-07-14,01:48:00,Industrial,Hit-and-run,Minor,Auto
2025-07-14,20:11:00,South,Collision,Minor,Car
2025-07-14,14:25:00,Highway,Single Vehicle,Minor,Car
2025-07-14,19:43:00,East,Single Vehicle,Minor,Car
2025-07-14,17:32:00,Industrial,Single Vehicle,Moderate,Motorcycle
2025-07-14,14:12:00,Central,Single Vehicle,Minor,Car
2025-07-14,18:13:00,Highway,Collision,Minor,Motorcycle
2025-07-14,22:23:00,Industrial,Rear-end,Moderate,Auto
2025-07-14,23:33:00,North,Collision,Severe,Auto
2025-07-14,11:43:00,Central,Pedestrian,Moderate,Car
2025-07-14,12:25:00,South,Single Vehicle,Moderate,Car
2025-07-14,21:20:00,Suburban,Single Vehicle,Minor,Car
2025-07-14,10:27:00,North,Rear-end,Minor,Motorcycle
2025-07-14,04:47:00,East,Pedestrian,Minor,Car
2025-07-14,00:35:00,Central,Collision,Minor,Auto
2025-07-15,23:39:00,South,Collision,Severe,Truck
2025-07-15,02:01:00,West,Pedestrian,Moderate,Car
2025-07-15,21:41:00,Suburban,Rear-end,Minor,Truck
2025-07-15,18:08:00,East,Single Vehicle,Minor,Car
2025-07-15,22:22:00,Highway,Collision,Minor,Car
2025-07-15,06:14:00,West,Single Vehicle,Moderate,Car
2025-07-15,11:12:00,Central,Rear-end,Minor,Car
2025-07-15,14:22:00,South,Pedestrian,Minor,Motorcycle
2025-07-15,04:16:00,West,Pedestrian,Moderate,Motorcycle
2025-07-15,14:47:00,Suburban,Single Vehicle,Minor,Car
2025-07-15,07:59:00,Highway,Collision,Minor,Bicycle
2025-07-15,09:01:00,North,Single Vehicle,Minor,Motorcycle
2025-07-15,15:19:00,North,Collision,Minor,Car
2025-07-15,07:19:00,North,Collision,Minor,Car
2025-07-16,00:58:00,Suburban,Rear-end,Minor,Motorcycle
2025-07-16,11:45:00,Highway,Pedestrian,Moderate,Bicycle
2025-07-16,04:02:00,Highway,Rear-end,Moderate,Motorcycle
2025-07-16,02:54:00,South,Pedestrian,Moderate,Auto
2025-07-16,00:11:00,East,Hit-and-run,Severe,Motorcycle
2025-07-16,03:39:00,East,Collision,Minor,Motorcycle
2025-07-16,07:01:00,North,Single Vehicle,Severe,Motorcycle
2025-07-16,02:35:00,East,Collision,Minor,Truck
2025-07-16,09:13:00,Central,Single Vehicle,Minor,Car
2025-07-16,01:15:00,Central,Collision,Minor,Auto
2025-07-16,10:18:00,Highway,Rear-end,Minor,Car
2025-07-16,09:33:00,Industrial,Rear-end,Fatal,Motorcycle
2025-07-16,20:43:00,East,Collision,Minor,Motorcycle
2025-07-16,13:45:00,East,Collision,Minor,Motorcycle
2025-07-17,06:05:00,South,Collision,Minor,Car
2025-07-17,01:12:00,Industrial,Collision,Minor,Motorcycle
2025-07-17,08:35:00,Highway,Collision,Minor,Motorcycle
2025-07-17,15:21:00,Highway,Rear-end,Minor,Truck
2025-07-17,12:17:00,Industrial,Pedestrian,Minor,Bus
2025-07-17,08:11:00,North,Rear-end,Severe,Truck
2025-07-17,19:51:00,South,Single Vehicle,Minor,Car
2025-07-17,03:58:00,East,Hit-and-run,Minor,Bicycle
2025-07-17,21:53:00,South,Hit-and-run,Moderate,Auto
2025-07-17,09:29:00,Industrial,Hit-and-run,Fatal,Car
2025-07-17,21:52:00,South,Rear-end,Minor,Car
2025-07-17,11:50:00,Central,Hit-and-run,Minor,Car
2025-07-17,16:39:00,South,Collision,Fatal,Motorcycle
2025-07-17,13:06:00,Suburban,Single Vehicle,Minor,Auto
2025-07-17,13:31:00,North,Pedestrian,Moderate,Bus
2025-07-18,01:47:00,West,Collision,Minor,Auto
2025-07-18,20:18:00,East,Pedestrian,Severe,Car
2025-07-18,19:05:00,Central,Collision,Fatal,Motorcycle
2025-07-18,10:19:00,East,Collision,Severe,Car
2025-07-18,15:26:00,Industrial,Collision,Minor,Car
2025-07-18,18:52:00,East,Pedestrian,Minor,Truck
2025-07-18,22:42:00,Highway,Pedestrian,Minor,Car
2025-07-18,05:36:00,North,Pedestrian,Severe,Truck
2025-07-18,23:47:00,Central,Collision,Severe,Truck
2025-07-18,18:06:00,Suburban,Rear-end,Minor,Bus
2025-07-18,04:58:00,South,Hit-and-run,Moderate,Car
2025-07-18,03:04:00,West,Collision,Minor,Bus
2025-07-18,14:10:00,Highway,Hit-and-run,Minor,Bicycle
2025-07-18,03:14:00,South,Collision,Moderate,Auto
2025-07-19,19:02:00,Industrial,Collision,Minor,Bus
2025-07-19,09:57:00,Unknown,Rear-end,Minor,Truck
2025-07-19,23:04:00,South,Hit-and-run,Minor,Motorcycle
2025-07-19,21:22:00,Central,Collision,Severe,Truck
2025-07-19,02:52:00,Highway,Collision,Severe,Truck
2025-07-19,04:36:00,North,Collision,Fatal,Truck
2025-07-19,05:08:00,Industrial,Collision,Moderate,Bus
2025-07-19,20:14:00,Suburban,Collision,Moderate,Motorcycle
2025-07-19,21:02:00,East,Rear-end,Minor,Car
2025-07-19,07:28:00,West,Hit-and-run,Fatal,Motorcycle
2025-07-19,06:05:00,East,Rear-end,Moderate,Car
2025-07-19,20:16:00,South,Pedestrian,Moderate,Car
2025-07-19,09:25:00,East,Hit-and-run,Moderate,Car
2025-07-19,05:20:00,West,Collision,Severe,Car
2025-07-20,13:07:00,Suburban,Collision,Minor,Bus
2025-07-20,03:20:00,Suburban,Single Vehicle,Minor,Motorcycle
2025-07-20,12:56:00,Highway,Collision,Moderate,Car
2025-07-20,19:10:00,Highway,Collision,Severe,Motorcycle
2025-07-20,16:37:00,East,Collision,Moderate,Car
2025-07-20,22:07:00,West,Hit-and-run,Minor,Motorcycle
2025-07-20,06:41:00,Highway,Rear-end,Minor,Car
2025-07-20,03:23:00,South,Single Vehicle,Moderate,Auto
2025-07-20,13:34:00,Suburban,Single Vehicle,Moderate,Car
2025-07-20,02:54:00,South,Rear-end,Moderate,Truck
2025-07-20,23:13:00,West,Collision,Minor,Auto
2025-07-20,04:54:00,Industrial,Collision,Severe,Bicycle
2025-07-20,15:13:00,Suburban,Collision,Moderate,Car
2025-07-20,22:09:00,North,Collision,Severe,Motorcycle
2025-07-21,19:11:00,Industrial,Collision,Minor,Car
2025-07-21,03:37:00,East,Collision,Minor,Motorcycle
2025-07-21,23:43:00,North,Collision,Severe,Car
2025-07-21,23:54:00,Highway,Collision,Minor,Auto
2025-07-21,01:45:00,West,Single Vehicle,Moderate,Car
2025-07-21,17:33:00,Industrial,Rear-end,Moderate,Motorcycle
2025-07-21,18:40:00,South,Single Vehicle,Moderate,Motorcycle
2025-07-21,18:09:00,East,Collision,Minor,Bicycle
2025-07-21,16:57:00,West,Rear-end,Minor,Truck
2025-07-21,13:16:00,South,Collision,Severe,Car
2025-07-21,18:16:00,North,Collision,Moderate,Car
2025-07-21,21:02:00,Suburban,Collision,Minor,Car
2025-07-21,23:30:00,East,Single Vehicle,Minor,Bus
2025-07-21,12:50:00,Industrial,Single Vehicle,Fatal,Truck
2025-07-21,11:00:00,South,Collision,Minor,Motorcycle
2025-07-22,05:11:00,South,Collision,Moderate,Car
2025-07-22,20:38:00,South,Rear-end,Minor,Bus
2025-07-22,03:03:00,South,Collision,Severe,Truck
2025-07-22,18:41:00,West,Collision,Moderate,Bicycle
2025-07-22,15:12:00,West,Collision,Moderate,Motorcycle
2025-07-22,12:33:00,East,Rear-end,Minor,Car
2025-07-22,03:41:00,Central,Collision,Severe,Car
2025-07-22,22:20:00,East,Collision,Minor,Car
2025-07-22,16:21:00,Central,Collision,Severe,Truck
2025-07-22,22:56:00,Central,Rear-end,Moderate,Truck
2025-07-22,00:03:00,Suburban,Single Vehicle,Moderate,Car
2025-07-22,17:17:00,West,Collision,Minor,Car
2025-07-22,19:04:00,West,Single Vehicle,Moderate,Car
2025-07-22,16:18:00,South,Single Vehicle,Minor,Auto
2025-07-23,14:01:00,Highway,Single Vehicle,Minor,Car
2025-07-23,10:11:00,West,Pedestrian,Minor,Car
2025-07-23,21:16:00,Highway,Hit-and-run,Minor,Car
2025-07-23,12:09:00,South,Single Vehicle,Minor,Car
2025-07-23,00:33:00,Suburban,Collision,Minor,Truck
2025-07-23,16:05:00,Highway,Rear-end,Severe,Auto
2025-07-23,05:07:00,Highway,Single Vehicle,Minor,Car
2025-07-23,03:50:00,Central,Pedestrian,Moderate,Truck
2025-07-23,19:10:00,North,Single Vehicle,Minor,Car
2025-07-23,15:56:00,North,Pedestrian,Moderate,Bicycle
2025-07-23,14:11:00,North,Single Vehicle,Moderate,Car
2025-07-23,14:08:00,Highway,Hit-and-run,Fatal,Car
2025-07-23,05:01:00,Central,Pedestrian,Severe,Motorcycle
2025-07-23,14:07:00,Central,Rear-end,Minor,Car
2025-07-24,13:57:00,North,Single Vehicle,Moderate,Car
2025-07-24,10:10:00,North,Pedestrian,Minor,Truck
2025-07-24,06:59:00,North,Single Vehicle,Moderate,Truck
2025-07-24,08:52:00,Highway,Hit-and-run,Minor,Motorcycle
2025-07-24,15:35:00,West,Collision,Minor,Truck
2025-07-24,04:09:00,Central,Collision,Minor,Motorcycle
2025-07-24,19:20:00,East,Single Vehicle,Moderate,Truck
2025-07-24,09:19:00,South,Rear-end,Moderate,Motorcycle
2025-07-24,17:47:00,Central,Collision,Moderate,Unknown
2025-07-24,02:07:00,Industrial,Collision,Moderate,Car
2025-07-24,12:35:00,Industrial,Pedestrian,Minor,Car
2025-07-24,10:28:00,Industrial,Pedestrian,Moderate,Motorcycle
2025-07-24,16:41:00,Industrial,Pedestrian,Severe,Motorcycle
2025-07-24,21:11:00,Central,Hit-and-run,Severe,Bus
2025-07-24,12:13:00,Suburban,Collision,Moderate,Car
2025-07-25,05:47:00,Highway,Collision,Moderate,Car
2025-07-25,16:53:00,Highway,Collision,Moderate,Car
2025-07-25,12:49:00,Central,Pedestrian,Minor,Car
2025-07-25,18:20:00,Suburban,Collision,Minor,Truck
2025-07-25,20:21:00,Highway,Hit-and-run,Minor,Motorcycle
2025-07-25,18:20:00,Highway,Rear-end,Minor,Truck
2025-07-25,09:43:00,Central,Rear-end,Minor,Car
2025-07-25,02:49:00,Industrial,Single Vehicle,Fatal,Auto
2025-07-25,13:29:00,Suburban,Collision,Minor,Bicycle
2025-07-25,18:38:00,Industrial,Pedestrian,Moderate,Truck
2025-07-25,04:19:00,West,Collision,Moderate,Auto
2025-07-25,04:23:00,Suburban,Collision,Minor,Motorcycle
2025-07-25,19:22:00,East,Rear-end,Minor,Auto
2025-07-25,16:06:00,West,Collision,Moderate,Auto
2025-07-26,20:08:00,East,Pedestrian,Moderate,Bicycle
2025-07-26,09:00:00,Suburban,Rear-end,Fatal,Truck
2025-07-26,04:25:00,Central,Collision,Minor,Bus
2025-07-26,03:37:00,East,Collision,Severe,Motorcycle
2025-07-26,05:37:00,Industrial,Rear-end,Minor,Car
2025-07-26,03:53:00,Highway,Pedestrian,Moderate,Car
2025-07-26,06:43:00,West,Rear-end,Moderate,Auto
2025-07-26,06:21:00,Highway,Rear-end,Minor,Car
2025-07-26,17:43:00,Suburban,Pedestrian,Minor,Motorcycle
2025-07-26,02:09:00,Central,Rear-end,Minor,Car
2025-07-26,00:54:00,South,Collision,Minor,Car
2025-07-26,23:57:00,Central,Rear-end,Moderate,Auto
2025-07-26,03:05:00,South,Hit-and-run,Minor,Auto
2025-07-26,05:16:00,East,Hit-and-run,Moderate,Motorcycle
2025-07-27,08:50:00,Suburban,Hit-and-run,Minor,Car
2025-07-27,21:49:00,Highway,Single Vehicle,Severe,Motorcycle
2025-07-27,13:37:00,Central,Collision,Severe,Car
2025-07-27,11:23:00,Central,Single Vehicle,Moderate,Car
2025-07-27,19:50:00,West,Rear-end,Moderate,Car
2025-07-27,23:09:00,East,Hit-and-run,Minor,Motorcycle
2025-07-27,03:55:00,North,Collision,Severe,Car
2025-07-27,20:07:00,Highway,Rear-end,Minor,Truck
2025-07-27,23:20:00,Suburban,Pedestrian,Minor,Car
2025-07-27,11:55:00,South,Hit-and-run,Minor,Motorcycle
2025-07-27,09:05:00,Highway,Collision,Moderate,Car
2025-07-27,21:20:00,South,Rear-end,Moderate,Bicycle
2025-07-27,06:56:00,Industrial,Collision,Moderate,Motorcycle
2025-07-27,02:38:00,East,Single Vehicle,Minor,Car
2025-07-28,22:23:00,Central,Single Vehicle,Minor,Motorcycle
2025-07-28,13:32:00,Suburban,Collision,Severe,Auto
2025-07-28,23:58:00,East,Single Vehicle,Moderate,Bus
2025-07-28,09:17:00,Industrial,Single Vehicle,Minor,Truck
2025-07-28,15:55:00,South,Collision,Moderate,Car
2025-07-28,15:27:00,Central,Hit-and-run,Minor,Truck
2025-07-28,21:56:00,Central,Rear-end,Minor,Bus
2025-07-28,09:51:00,East,Hit-and-run,Minor,Motorcycle
2025-07-28,12:31:00,Industrial,Collision,Minor,Unknown
2025-07-28,05:11:00,South,Collision,Minor,Car
2025-07-28,11:47:00,Industrial,Rear-end,Severe,Car
2025-07-28,08:41:00,Industrial,Collision,Moderate,Auto
2025-07-28,12:26:00,Industrial,Pedestrian,Moderate,Truck
2025-07-28,03:09:00,East,Collision,Moderate,Car
2025-07-28,23:45:00,Suburban,Rear-end,Fatal,Car
2025-07-29,10:56:00,East,Single Vehicle,Minor,Auto
2025-07-29,19:51:00,East,Rear-end,Severe,Car
2025-07-29,17:41:00,North,Rear-end,Moderate,Car
2025-07-29,10:31:00,South,Single Vehicle,Minor,Car
2025-07-29,20:41:00,Central,Single Vehicle,Minor,Auto
2025-07-29,03:25:00,West,Collision,Moderate,Auto
2025-07-29,17:24:00,North,Rear-end,Moderate,Motorcycle
2025-07-29,00:10:00,South,Single Vehicle,Minor,Motorcycle
2025-07-29,06:22:00,Highway,Collision,Moderate,Car
2025-07-29,05:33:00,South,Collision,Moderate,Car
2025-07-29,14:56:00,North,Collision,Minor,Bus
2025-07-29,17:51:00,Central,Collision,Severe,Car
2025-07-29,23:39:00,Highway,Pedestrian,Severe,Motorcycle
2025-07-29,10:22:00,Central,Pedestrian,Minor,Truck
2025-07-30,19:28:00,East,Single Vehicle,Fatal,Car
2025-07-30,23:30:00,East,Pedestrian,Minor,Motorcycle
2025-07-30,14:06:00,Industrial,Collision,Minor,Motorcycle
2025-07-30,15:39:00,West,Collision,Minor,Bus
2025-07-30,06:32:00,Highway,Single Vehicle,Moderate,Car
2025-07-30,20:20:00,Central,Collision,Moderate,Car
2025-07-30,09:01:00,South,Collision,Minor,Motorcycle
2025-07-30,11:17:00,North,Single Vehicle,Minor,Bicycle
2025-07-30,23:46:00,Central,Rear-end,Minor,Car
2025-07-30,13:32:00,North,Collision,Severe,Bicycle
2025-07-30,04:36:00,South,Single Vehicle,Severe,Truck
2025-07-30,20:33:00,East,Single Vehicle,Moderate,Auto
2025-07-30,17:19:00,Industrial,Collision,Moderate,Car
2025-07-30,04:34:00,South,Single Vehicle,Moderate,Car
2025-07-31,02:50:00,Industrial,Rear-end,Minor,Car
2025-07-31,22:49:00,South,Rear-end,Minor,Car
2025-07-31,04:53:00,South,Single Vehicle,Moderate,Bicycle
2025-07-31,23:17:00,West,Single Vehicle,Moderate,Car
2025-07-31,16:45:00,Central,Collision,Minor,Motorcycle
2025-07-31,18:23:00,Central,Collision,Fatal,Car
2025-07-31,18:07:00,South,Collision,Severe,Truck
2025-07-31,20:29:00,Suburban,Rear-end,Minor,Car
2025-07-31,11:43:00,Industrial,Collision,Moderate,Car
2025-07-31,08:52:00,Central,Rear-end,Severe,Car
2025-07-31,00:09:00,Highway,Collision,Minor,Bus
2025-07-31,17:22:00,Industrial,Rear-end,Moderate,Car
2025-07-31,20:51:00,West,Collision,Minor,Car
2025-07-31,03:48:00,Highway,Pedestrian,Minor,Car
2025-08-01,09:10:00,South,Collision,Severe,Bicycle
2025-08-01,06:01:00,North,Collision,Minor,Motorcycle
2025-08-01,21:57:00,East,Single Vehicle,Minor,Truck
2025-08-01,22:25:00,West,Pedestrian,Minor,Truck
2025-08-01,00:35:00,East,Collision,Minor,Car
2025-08-01,16:32:00,West,Collision,Minor,Motorcycle
2025-08-01,23:46:00,Suburban,Hit-and-run,Moderate,Car
2025-08-01,01:12:00,Highway,Rear-end,Minor,Car
2025-08-01,10:39:00,Highway,Pedestrian,Moderate,Motorcycle
2025-08-01,08:24:00,Highway,Rear-end,Moderate,Motorcycle
2025-08-01,06:03:00,Suburban,Collision,Minor,Car
2025-08-01,21:41:00,Central,Rear-end,Moderate,Car
2025-08-01,16:18:00,North,Pedestrian,Moderate,Bus
2025-08-01,16:17:00,East,Single Vehicle,Minor,Truck
2025-08-01,01:36:00,Highway,Collision,Minor,Car
2025-08-02,05:29:00,East,Rear-end,Moderate,Car
2025-08-02,13:18:00,Industrial,Collision,Fatal,Auto
2025-08-02,05:57:00,Central,Rear-end,Minor,Bus
2025-08-02,01:22:00,North,Single Vehicle,Minor,Bicycle
2025-08-02,00:58:00,Industrial,Collision,Minor,Car
2025-08-02,09:53:00,Central,Single Vehicle,Minor,Motorcycle
2025-08-02,20:15:00,South,Hit-and-run,Moderate,Car
2025-08-02,04:00:00,North,Single Vehicle,Minor,Truck
2025-08-02,01:11:00,South,Pedestrian,Minor,Car
2025-08-02,21:23:00,Industrial,Collision,Minor,Car
2025-08-02,15:33:00,South,Collision,Minor,Car
2025-08-02,01:52:00,West,Rear-end,Minor,Truck
2025-08-02,09:56:00,Central,Collision,Minor,Motorcycle
2025-08-02,01:07:00,Highway,Rear-end,Minor,Motorcycle
2025-08-03,15:17:00,South,Rear-end,Severe,Auto
2025-08-03,15:56:00,West,Single Vehicle,Severe,Bus
2025-08-03,18:47:00,Industrial,Rear-end,Minor,Motorcycle
2025-08-03,06:04:00,North,Pedestrian,Moderate,Bicycle
2025-08-03,21:25:00,Highway,Single Vehicle,Minor,Motorcycle
2025-08-03,11:29:00,West,Single Vehicle,Moderate,Car
2025-08-03,23:53:00,East,Collision,Minor,Bicycle
2025-08-03,14:12:00,North,Rear-end,Minor,Car
2025-08-03,07:18:00,Suburban,Collision,Moderate,Motorcycle
2025-08-03,05:28:00,Industrial,Rear-end,Minor,Car
2025-08-03,09:02:00,North,Collision,Minor,Motorcycle
2025-08-03,02:25:00,South,Pedestrian,Moderate,Motorcycle
2025-08-03,18:39:00,Highway,Rear-end,Moderate,Car
2025-08-03,16:58:00,Industrial,Rear-end,Moderate,Motorcycle
2025-08-04,06:57:00,Highway,Single Vehicle,Minor,Bus
2025-08-04,20:57:00,East,Collision,Moderate,Car
2025-08-04,19:11:00,Industrial,Rear-end,Minor,Car
2025-08-04,03:01:00,South,Pedestrian,Minor,Car
2025-08-04,13:10:00,North,Collision,Moderate,Auto
2025-08-04,19:43:00,West,Rear-end,Moderate,Truck
2025-08-04,21:27:00,Suburban,Collision,Moderate,Auto
2025-08-04,14:17:00,South,Single Vehicle,Moderate,Car
2025-08-04,23:12:00,East,Collision,Minor,Car
2025-08-04,07:36:00,Industrial,Collision,Minor,Car
2025-08-04,20:21:00,West,Rear-end,Minor,Car
2025-08-04,14:11:00,Highway,Collision,Moderate,Motorcycle
2025-08-04,21:01:00,Highway,Collision,Minor,Bicycle
2025-08-04,19:36:00,Central,Rear-end,Severe,Car
2025-08-04,13:06:00,Suburban,Collision,Moderate,Bicycle
2025-08-05,08:25:00,Industrial,Rear-end,Severe,Car
2025-08-05,07:25:00,Highway,Rear-end,Moderate,Auto
2025-08-05,16:23:00,West,Rear-end,Fatal,Car
2025-08-05,01:11:00,Highway,Hit-and-run,Moderate,Auto
2025-08-05,23:15:00,Central,Collision,Fatal,Car
2025-08-05,02:22:00,South,Collision,Minor,Auto
2025-08-05,07:39:00,Highway,Pedestrian,Minor,Car
2025-08-05,11:59:00,North,Single Vehicle,Moderate,Car
2025-08-05,00:08:00,Central,Collision,Fatal,Motorcycle
2025-08-05,09:31:00,Highway,Rear-end,Minor,Car
2025-08-05,19:14:00,Highway,Rear-end,Minor,Truck
2025-08-05,02:36:00,Central,Rear-end,Moderate,Bicycle
2025-08-05,05:12:00,Highway,Hit-and-run,Moderate,Motorcycle
2025-08-05,06:04:00,Industrial,Collision,Minor,Unknown
2025-08-06,19:10:00,East,Hit-and-run,Moderate,Car
2025-08-06,22:09:00,Highway,Collision,Fatal,Truck
2025-08-06,17:51:00,South,Rear-end,Severe,Motorcycle
2025-08-06,10:12:00,North,Pedestrian,Minor,Auto
2025-08-06,18:40:00,North,Rear-end,Minor,Car
2025-08-06,04:52:00,East,Collision,Minor,Truck
2025-08-06,18:45:00,East,Single Vehicle,Minor,Car
2025-08-06,10:49:00,Highway,Single Vehicle,Minor,Car
2025-08-06,23:14:00,Highway,Pedestrian,Moderate,Car
2025-08-06,11:41:00,West,Rear-end,Minor,Car
2025-08-06,09:55:00,Highway,Collision,Severe,Car
2025-08-06,07:06:00,North,Single Vehicle,Severe,Car
2025-08-06,23:39:00,Central,Rear-end,Minor,Auto
2025-08-06,08:27:00,Highway,Single Vehicle,Fatal,Car
2025-08-07,03:31:00,Central,Collision,Moderate,Auto
2025-08-07,04:34:00,North,Collision,Moderate,Car
2025-08-07,20:14:00,Industrial,Single Vehicle,Minor,Car
2025-08-07,07:47:00,South,Rear-end,Moderate,Motorcycle
2025-08-07,22:35:00,Highway,Collision,Minor,Motorcycle
2025-08-07,08:20:00,South,Collision,Moderate,Motorcycle
2025-08-07,14:05:00,Central,Rear-end,Minor,Motorcycle
2025-08-07,14:00:00,South,Collision,Moderate,Car
2025-08-07,15:03:00,West,Rear-end,Minor,Truck
2025-08-07,13:10:00,South,Rear-end,Minor,Motorcycle
2025-08-07,07:43:00,East,Pedestrian,Moderate,Car
2025-08-07,17:25:00,Highway,Collision,Moderate,Auto
2025-08-07,09:36:00,Suburban,Single Vehicle,Minor,Truck
2025-08-07,19:22:00,North,Collision,Minor,Car
2025-08-08,05:28:00,East,Rear-end,Severe,Auto
2025-08-08,11:20:00,West,Collision,Moderate,Auto
2025-08-08,01:47:00,Suburban,Hit-and-run,Minor,Motorcycle
2025-08-08,06:44:00,Suburban,Single Vehicle,Moderate,Car
2025-08-08,15:44:00,North,Pedestrian,Moderate,Auto
2025-08-08,02:48:00,Industrial,Rear-end,Minor,Car
2025-08-08,12:26:00,South,Rear-end,Moderate,Car
2025-08-08,02:38:00,Central,Pedestrian,Severe,Car
2025-08-08,17:39:00,Central,Single Vehicle,Moderate,Truck
2025-08-08,10:12:00,East,Single Vehicle,Minor,Auto
2025-08-08,07:22:00,East,Rear-end,Severe,Truck
2025-08-08,05:58:00,Central,Single Vehicle,Minor,Bicycle
2025-08-08,00:15:00,Industrial,Collision,Severe,Car
2025-08-08,00:29:00,South,Collision,Minor,Car
2025-08-08,22:03:00,West,Collision,Moderate,Motorcycle
2025-08-09,07:39:00,South,Collision,Moderate,Bicycle
2025-08-09,04:15:00,Central,Pedestrian,Minor,Motorcycle
2025-08-09,15:30:00,South,Single Vehicle,Moderate,Car
2025-08-09,10:52:00,North,Pedestrian,Moderate,Car
2025-08-09,04:41:00,East,Hit-and-run,Minor,Car
2025-08-09,03:24:00,North,Rear-end,Moderate,Car
2025-08-09,05:43:00,East,Hit-and-run,Moderate,Car
2025-08-09,13:11:00,Central,Rear-end,Minor,Auto
2025-08-09,21:25:00,Industrial,Single Vehicle,Fatal,Motorcycle
2025-08-09,18:36:00,Industrial,Hit-and-run,Severe,Truck
2025-08-09,08:47:00,Central,Hit-and-run,Minor,Car
2025-08-09,11:32:00,East,Rear-end,Moderate,Car
2025-08-09,10:27:00,Central,Single Vehicle,Minor,Motorcycle
2025-08-09,13:08:00,West,Collision,Moderate,Auto
2025-08-10,22:11:00,North,Rear-end,Severe,Motorcycle
2025-08-10,15:04:00,East,Pedestrian,Minor,Auto
2025-08-10,00:53:00,East,Rear-end,Severe,Bus
2025-08-10,12:51:00,Suburban,Single Vehicle,Moderate,Car
2025-08-10,22:53:00,West,Collision,Minor,Car
2025-08-10,20:27:00,West,Collision,Severe,Truck
2025-08-10,20:55:00,South,Single Vehicle,Moderate,Motorcycle
2025-08-10,12:34:00,Suburban,Rear-end,Minor,Car
2025-08-10,01:04:00,Highway,Rear-end,Moderate,Car
2025-08-10,03:33:00,North,Collision,Minor,Motorcycle
2025-08-10,05:45:00,Highway,Collision,Minor,Auto
2025-08-10,22:33:00,East,Hit-and-run,Severe,Car
2025-08-10,04:12:00,Highway,Collision,Moderate,Car
2025-08-10,02:38:00,Highway,Single Vehicle,Severe,Motorcycle
2025-08-11,00:41:00,North,Pedestrian,Minor,Truck
2025-08-11,03:44:00,Industrial,Collision,Moderate,Truck
2025-08-11,19:47:00,South,Hit-and-run,Fatal,Auto
2025-08-11,01:57:00,South,Rear-end,Minor,Bus
2025-08-11,04:13:00,South,Collision,Minor,Motorcycle
2025-08-11,02:10:00,Industrial,Collision,Moderate,Car
2025-08-11,08:41:00,North,Rear-end,Minor,Motorcycle
2025-08-11,19:37:00,Central,Hit-and-run,Minor,Truck
2025-08-11,05:03:00,Industrial,Hit-and-run,Severe,Auto
2025-08-11,17:52:00,Central,Rear-end,Fatal,Bicycle
2025-08-11,05:32:00,Central,Pedestrian,Moderate,Motorcycle
2025-08-11,18:06:00,North,Pedestrian,Moderate,Motorcycle
2025-08-11,11:55:00,South,Rear-end,Severe,Car
2025-08-11,10:40:00,East,Pedestrian,Moderate,Car
2025-08-11,01:07:00,Central,Collision,Minor,Car
2025-08-12,14:36:00,Suburban,Single Vehicle,Minor,Car
2025-08-12,11:50:00,Industrial,Rear-end,Minor,Car
2025-08-12,11:09:00,South,Pedestrian,Minor,Car
2025-08-12,08:42:00,South,Rear-end,Minor,Truck
2025-08-12,20:56:00,East,Collision,Minor,Motorcycle
2025-08-12,23:14:00,West,Rear-end,Minor,Motorcycle
2025-08-12,01:37:00,Central,Collision,Minor,Motorcycle
2025-08-12,21:14:00,North,Hit-and-run,Moderate,Car
2025-08-12,02:04:00,Highway,Rear-end,Minor,Bicycle
2025-08-12,11:28:00,North,Pedestrian,Severe,Car
2025-08-12,15:18:00,Unknown,Hit-and-run,Minor,Auto
2025-08-12,20:53:00,Highway,Hit-and-run,Severe,Car
2025-08-12,23:50:00,Industrial,Collision,Fatal,Motorcycle
2025-08-12,00:09:00,South,Single Vehicle,Moderate,Car
2025-08-13,20:11:00,Industrial,Single Vehicle,Moderate,Car
2025-08-13,02:53:00,Central,Pedestrian,Severe,Motorcycle
2025-08-13,19:03:00,Industrial,Collision,Minor,Bus
2025-08-13,01:30:00,East,Rear-end,Fatal,Car
2025-08-13,08:17:00,Highway,Collision,Moderate,Motorcycle
2025-08-13,18:15:00,Suburban,Rear-end,Moderate,Car
2025-08-13,14:39:00,Suburban,Collision,Minor,Car
2025-08-13,17:35:00,Highway,Rear-end,Moderate,Auto
2025-08-13,10:24:00,East,Hit-and-run,Moderate,Auto
2025-08-13,22:22:00,South,Rear-end,Moderate,Motorcycle
2025-08-13,15:11:00,East,Rear-end,Moderate,Car
2025-08-13,21:33:00,Industrial,Single Vehicle,Minor,Car
2025-08-13,16:35:00,Highway,Collision,Minor,Bicycle
2025-08-13,04:36:00,North,Pedestrian,Minor,Car
2025-08-14,11:02:00,Suburban,Collision,Minor,Bus
2025-08-14,10:08:00,Highway,Collision,Minor,Car
2025-08-14,14:52:00,Suburban,Collision,Minor,Bicycle
2025-08-14,02:17:00,Highway,Pedestrian,Minor,Car
2025-08-14,00:42:00,North,Rear-end,Moderate,Car
2025-08-14,19:34:00,Central,Single Vehicle,Minor,Truck
2025-08-14,15:56:00,Central,Rear-end,Severe,Bicycle
2025-08-14,01:54:00,South,Collision,Moderate,Bicycle
2025-08-14,01:33:00,West,Hit-and-run,Moderate,Truck
2025-08-14,02:40:00,Highway,Collision,Minor,Bus
2025-08-14,07:13:00,Highway,Pedestrian,Moderate,Motorcycle
2025-08-14,23:03:00,West,Collision,Moderate,Bus
2025-08-14,14:28:00,Central,Collision,Fatal,Auto
2025-08-14,06:40:00,North,Pedestrian,Moderate,Motorcycle
2025-08-15,05:44:00,Central,Single Vehicle,Moderate,Motorcycle
2025-08-15,08:49:00,South,Collision,Severe,Motorcycle
2025-08-15,19:14:00,East,Pedestrian,Minor,Motorcycle
2025-08-15,00:27:00,Central,Collision,Minor,Auto
2025-08-15,07:41:00,South,Pedestrian,Moderate,Car
2025-08-15,22:15:00,Central,Hit-and-run,Minor,Car
2025-08-15,22:11:00,West,Collision,Minor,Motorcycle
2025-08-15,02:51:00,East,Collision,Moderate,Car
2025-08-15,03:04:00,East,Collision,Minor,Motorcycle
2025-08-15,14:33:00,East,Rear-end,Moderate,Auto
2025-08-15,05:41:00,Suburban,Collision,Severe,Motorcycle
2025-08-15,14:00:00,North,Hit-and-run,Minor,Auto
2025-08-15,20:38:00,East,Single Vehicle,Minor,Car
2025-08-15,02:31:00,Industrial,Collision,Minor,Auto
2025-08-15,20:25:00,West,Rear-end,Minor,Motorcycle
2025-08-16,20:16:00,Suburban,Rear-end,Minor,Car
2025-08-16,13:47:00,South,Single Vehicle,Minor,Truck
2025-08-16,19:58:00,East,Rear-end,Minor,Bicycle
2025-08-16,13:26:00,Central,Rear-end,Minor,Car
2025-08-16,03:23:00,West,Rear-end,Moderate,Motorcycle
2025-08-16,11:34:00,North,Collision,Severe,Auto
2025-08-16,16:45:00,Central,Collision,Moderate,Car
2025-08-16,06:41:00,West,Rear-end,Moderate,Truck
2025-08-16,08:53:00,East,Collision,Minor,Motorcycle
2025-08-16,02:38:00,Central,Rear-end,Moderate,Car
2025-08-16,12:25:00,Industrial,Collision,Minor,Truck
2025-08-16,14:48:00,West,Rear-end,Minor,Car
2025-08-16,17:37:00,North,Collision,Severe,Bus
2025-08-16,18:22:00,East,Single Vehicle,Minor,Car
2025-08-17,00:21:00,Industrial,Single Vehicle,Minor,Car
2025-08-17,05:03:00,East,Collision,Severe,Motorcycle
2025-08-17,22:48:00,South,Collision,Severe,Car
2025-08-17,01:58:00,South,Rear-end,Minor,Car
2025-08-17,23:08:00,West,Collision,Minor,Auto
2025-08-17,13:03:00,Suburban,Collision,Moderate,Auto
2025-08-17,05:06:00,Industrial,Collision,Moderate,Auto
2025-08-17,13:22:00,Central,Single Vehicle,Minor,Motorcycle
2025-08-17,03:01:00,East,Single Vehicle,Moderate,Auto
2025-08-17,20:48:00,Highway,Rear-end,Fatal,Auto
2025-08-17,07:23:00,Central,Rear-end,Minor,Car
2025-08-17,02:39:00,Suburban,Single Vehicle,Severe,Car
2025-08-17,18:54:00,Suburban,Single Vehicle,Fatal,Car
2025-08-17,13:30:00,Central,Single Vehicle,Minor,Motorcycle
2025-08-18,19:46:00,Suburban,Collision,Moderate,Auto
2025-08-18,16:30:00,South,Collision,Minor,Motorcycle
2025-08-18,07:46:00,Highway,Hit-and-run,Moderate,Truck
2025-08-18,23:39:00,South,Rear-end,Severe,Car
2025-08-18,13:47:00,East,Collision,Minor,Car
2025-08-18,05:50:00,West,Collision,Moderate,Motorcycle
2025-08-18,22:42:00,Highway,Single Vehicle,Severe,Bicycle
2025-08-18,21:33:00,Central,Single Vehicle,Minor,Car
2025-08-18,15:54:00,West,Collision,Minor,Auto
2025-08-18,18:23:00,North,Single Vehicle,Minor,Car
2025-08-18,13:48:00,South,Rear-end,Moderate,Motorcycle
2025-08-18,18:59:00,South,Pedestrian,Fatal,Motorcycle
2025-08-18,02:25:00,East,Rear-end,Severe,Auto
2025-08-18,09:15:00,South,Collision,Minor,Car
2025-08-18,18:56:00,Central,Rear-end,Moderate,Car
2025-08-19,08:46:00,Central,Rear-end,Minor,Car
2025-08-19,19:12:00,Central,Rear-end,Minor,Auto
2025-08-19,12:14:00,East,Collision,Moderate,Car
2025-08-19,06:26:00,Suburban,Single Vehicle,Minor,Car
2025-08-19,13:03:00,Central,Collision,Moderate,Motorcycle
2025-08-19,08:15:00,Suburban,Collision,Fatal,Motorcycle
2025-08-19,22:29:00,Industrial,Rear-end,Moderate,Auto
2025-08-19,18:43:00,West,Rear-end,Moderate,Auto
2025-08-19,14:29:00,West,Rear-end,Minor,Motorcycle
2025-08-19,19:35:00,Unknown,Pedestrian,Fatal,Auto
2025-08-19,13:02:00,Central,Rear-end,Moderate,Truck
2025-08-19,23:21:00,East,Rear-end,Severe,Car
2025-08-19,05:48:00,Industrial,Hit-and-run,Minor,Auto
2025-08-19,20:21:00,West,Collision,Moderate,Truck
2025-08-20,03:49:00,Highway,Rear-end,Moderate,Car
2025-08-20,07:56:00,Central,Single Vehicle,Minor,Truck
2025-08-20,16:49:00,Industrial,Collision,Moderate,Car
2025-08-20,08:54:00,East,Rear-end,Severe,Car
2025-08-20,00:59:00,South,Single Vehicle,Minor,Truck
2025-08-20,23:48:00,South,Collision,Minor,Auto
2025-08-20,19:11:00,West,Rear-end,Moderate,Truck
2025-08-20,13:54:00,Highway,Single Vehicle,Minor,Car
2025-08-20,10:20:00,East,Collision,Moderate,Bicycle
2025-08-20,20:55:00,Highway,Collision,Moderate,Car
2025-08-20,02:03:00,South,Single Vehicle,Minor,Car
2025-08-20,08:30:00,Central,Single Vehicle,Severe,Unknown
2025-08-20,13:43:00,Central,Rear-end,Moderate,Car
2025-08-20,08:30:00,Central,Rear-end,Severe,Car
2025-08-21,03:57:00,South,Pedestrian,Moderate,Truck
2025-08-21,03:22:00,South,Hit-and-run,Severe,Auto
2025-08-21,07:53:00,Industrial,Collision,Minor,Bicycle
2025-08-21,01:52:00,Industrial,Collision,Minor,Bus
2025-08-21,08:19:00,Central,Rear-end,Minor,Motorcycle
2025-08-21,13:14:00,North,Single Vehicle,Minor,Truck
2025-08-21,21:22:00,North,Single Vehicle,Severe,Auto
2025-08-21,08:27:00,West,Single Vehicle,Minor,Motorcycle
2025-08-21,23:15:00,Central,Single Vehicle,Severe,Bus
2025-08-21,22:36:00,Central,Rear-end,Minor,Motorcycle
2025-08-21,15:20:00,Suburban,Rear-end,Minor,Car
2025-08-21,16:14:00,Highway,Pedestrian,Severe,Motorcycle
2025-08-21,15:16:00,North,Hit-and-run,Minor,Truck
2025-08-21,11:49:00,South,Rear-end,Moderate,Truck
2025-08-22,02:36:00,South,Collision,Minor,Car
2025-08-22,10:12:00,Highway,Single Vehicle,Severe,Motorcycle
2025-08-22,13:18:00,East,Rear-end,Moderate,Auto
2025-08-22,17:29:00,Central,Collision,Moderate,Bicycle
2025-08-22,20:44:00,Industrial,Hit-and-run,Minor,Car
2025-08-22,20:17:00,South,Hit-and-run,Moderate,Car
2025-08-22,04:13:00,North,Collision,Severe,Truck
2025-08-22,15:35:00,Unknown,Pedestrian,Severe,Car
2025-08-22,19:35:00,East,Collision,Minor,Car
2025-08-22,04:19:00,South,Collision,Minor,Car
2025-08-22,02:51:00,North,Rear-end,Minor,Bus
2025-08-22,11:18:00,South,Hit-and-run,Minor,Bus
2025-08-22,00:44:00,Central,Single Vehicle,Moderate,Motorcycle
2025-08-22,20:43:00,Highway,Pedestrian,Minor,Motorcycle
2025-08-22,08:06:00,Central,Single Vehicle,Minor,Motorcycle
2025-08-23,08:56:00,Central,Collision,Moderate,Car
2025-08-23,03:43:00,West,Collision,Moderate,Motorcycle
2025-08-23,02:52:00,Highway,Rear-end,Moderate,Car
2025-08-23,16:03:00,Highway,Collision,Fatal,Motorcycle
2025-08-23,01:58:00,East,Pedestrian,Minor,Car
2025-08-23,23:33:00,North,Hit-and-run,Moderate,Truck
2025-08-23,00:01:00,Industrial,Single Vehicle,Minor,Truck
2025-08-23,07:04:00,Industrial,Collision,Minor,Car
2025-08-23,12:54:00,North,Rear-end,Minor,Car
2025-08-23,22:09:00,Highway,Rear-end,Minor,Car
2025-08-23,14:31:00,Central,Collision,Minor,Truck
2025-08-23,07:41:00,Suburban,Rear-end,Minor,Car
2025-08-23,11:40:00,Highway,Rear-end,Severe,Car
2025-08-23,21:12:00,Industrial,Rear-end,Moderate,Truck
2025-08-24,11:38:00,Suburban,Collision,Fatal,Bus
2025-08-24,13:04:00,Industrial,Collision,Moderate,Car
2025-08-24,14:57:00,North,Rear-end,Minor,Motorcycle
2025-08-24,14:09:00,East,Collision,Minor,Auto
2025-08-24,08:09:00,Central,Collision,Minor,Auto
2025-08-24,18:37:00,South,Collision,Minor,Car
2025-08-24,19:26:00,Industrial,Collision,Moderate,Bus
2025-08-24,21:59:00,South,Rear-end,Moderate,Motorcycle
2025-08-24,07:50:00,South,Collision,Minor,Bicycle
2025-08-24,20:20:00,West,Rear-end,Minor,Motorcycle
2025-08-24,18:07:00,Highway,Hit-and-run,Minor,Bus
2025-08-24,05:00:00,Central,Hit-and-run,Minor,Bus
2025-08-24,19:27:00,South,Pedestrian,Minor,Motorcycle
2025-08-24,18:48:00,Central,Rear-end,Moderate,Bus
2025-08-25,03:38:00,Industrial,Rear-end,Minor,Car
2025-08-25,22:13:00,Central,Pedestrian,Moderate,Car
2025-08-25,06:20:00,Industrial,Rear-end,Minor,Motorcycle
2025-08-25,03:29:00,North,Hit-and-run,Minor,Auto
2025-08-25,21:20:00,North,Rear-end,Severe,Motorcycle
2025-08-25,11:48:00,Suburban,Rear-end,Moderate,Truck
2025-08-25,12:08:00,Central,Pedestrian,Minor,Truck
2025-08-25,02:16:00,East,Collision,Severe,Car
2025-08-25,21:04:00,Central,Collision,Minor,Car
2025-08-25,11:57:00,East,Collision,Minor,Truck
2025-08-25,01:56:00,East,Collision,Moderate,Bicycle
2025-08-25,23:30:00,South,Collision,Moderate,Car
2025-08-25,01:51:00,Central,Rear-end,Minor,Car
2025-08-25,22:39:00,South,Pedestrian,Minor,Car
2025-08-25,08:37:00,Industrial,Pedestrian,Severe,Car
2025-08-26,00:42:00,Highway,Collision,Minor,Car
2025-08-26,07:18:00,East,Single Vehicle,Minor,Motorcycle
2025-08-26,22:35:00,West,Rear-end,Moderate,Car
2025-08-26,05:49:00,North,Rear-end,Severe,Car
2025-08-26,05:32:00,North,Pedestrian,Minor,Bus
2025-08-26,21:12:00,Central,Hit-and-run,Moderate,Bicycle
2025-08-26,17:13:00,North,Pedestrian,Moderate,Car
2025-08-26,16:55:00,North,Collision,Minor,Truck
2025-08-26,11:32:00,East,Rear-end,Moderate,Car
2025-08-26,05:28:00,West,Single Vehicle,Fatal,Auto
2025-08-26,07:42:00,Suburban,Rear-end,Minor,Truck
2025-08-26,18:48:00,North,Hit-and-run,Minor,Bus
2025-08-26,09:35:00,West,Rear-end,Severe,Car
2025-08-26,00:57:00,Highway,Single Vehicle,Moderate,Motorcycle
2025-08-27,12:43:00,West,Collision,Minor,Motorcycle
2025-08-27,16:09:00,North,Rear-end,Moderate,Car
2025-08-27,02:30:00,North,Collision,Moderate,Car
2025-08-27,07:05:00,Central,Hit-and-run,Moderate,Motorcycle
2025-08-27,13:56:00,South,Hit-and-run,Severe,Truck
2025-08-27,02:00:00,Industrial,Collision,Minor,Car
2025-08-27,15:06:00,Central,Hit-and-run,Minor,Motorcycle
2025-08-27,12:57:00,North,Rear-end,Moderate,Car
2025-08-27,19:26:00,Industrial,Collision,Minor,Car
2025-08-27,23:20:00,Highway,Rear-end,Moderate,Truck
2025-08-27,16:27:00,East,Collision,Minor,Car
2025-08-27,12:15:00,Industrial,Rear-end,Minor,Motorcycle
2025-08-27,05:55:00,South,Rear-end,Minor,Car
2025-08-27,16:45:00,Central,Hit-and-run,Moderate,Truck
2025-08-28,13:22:00,South,Pedestrian,Severe,Motorcycle
2025-08-28,16:51:00,West,Rear-end,Moderate,Bicycle
2025-08-28,07:19:00,Suburban,Collision,Minor,Car
2025-08-28,10:37:00,Central,Single Vehicle,Minor,Bus
2025-08-28,19:53:00,East,Hit-and-run,Moderate,Car
2025-08-28,00:24:00,South,Collision,Minor,Motorcycle
2025-08-28,06:27:00,East,Pedestrian,Moderate,Motorcycle
2025-08-28,20:04:00,Central,Collision,Moderate,Car
2025-08-28,20:55:00,South,Rear-end,Minor,Motorcycle
2025-08-28,16:20:00,Highway,Rear-end,Severe,Car
2025-08-28,09:17:00,West,Rear-end,Minor,Car
2025-08-28,10:46:00,East,Single Vehicle,Moderate,Car
2025-08-28,21:05:00,North,Rear-end,Minor,Truck
2025-08-28,08:56:00,South,Collision,Minor,Bus
2025-08-29,08:28:00,South,Single Vehicle,Moderate,Car
2025-08-29,23:18:00,Highway,Single Vehicle,Moderate,Car
2025-08-29,04:32:00,Suburban,Hit-and-run,Moderate,Car
2025-08-29,16:00:00,East,Rear-end,Moderate,Car
2025-08-29,08:44:00,South,Collision,Moderate,Bus
2025-08-29,16:02:00,Highway,Pedestrian,Minor,Motorcycle
2025-08-29,23:41:00,East,Collision,Moderate,Car
2025-08-29,20:20:00,West,Collision,Moderate,Car
2025-08-29,18:34:00,North,Rear-end,Minor,Bus
2025-08-29,06:40:00,Industrial,Collision,Moderate,Car
2025-08-29,22:39:00,East,Collision,Severe,Car
2025-08-29,08:02:00,Highway,Rear-end,Minor,Truck
2025-08-29,06:24:00,Highway,Collision,Severe,Motorcycle
2025-08-29,12:44:00,North,Collision,Minor,Motorcycle
2025-08-29,10:37:00,Industrial,Collision,Minor,Auto
2025-08-30,13:44:00,Highway,Collision,Minor,Car
2025-08-30,18:54:00,South,Hit-and-run,Moderate,Bus
2025-08-30,10:19:00,Central,Pedestrian,Minor,Car
2025-08-30,12:51:00,Central,Rear-end,Severe,Motorcycle
2025-08-30,13:43:00,East,Rear-end,Severe,Auto
2025-08-30,12:44:00,South,Collision,Moderate,Motorcycle
2025-08-30,00:33:00,West,Collision,Minor,Truck
2025-08-30,07:20:00,North,Collision,Severe,Auto
2025-08-30,11:55:00,Highway,Rear-end,Severe,Car
2025-08-30,18:54:00,North,Hit-and-run,Moderate,Truck
2025-08-30,11:47:00,North,Rear-end,Moderate,Auto
2025-08-30,07:22:00,East,Rear-end,Moderate,Motorcycle
2025-08-30,07:05:00,East,Collision,Moderate,Car
2025-08-30,20:50:00,North,Pedestrian,Minor,Car
2025-08-31,12:52:00,North,Collision,Minor,Car
2025-08-31,11:12:00,Central,Hit-and-run,Minor,Car
2025-08-31,15:48:00,Industrial,Rear-end,Minor,Motorcycle
2025-08-31,00:22:00,Highway,Hit-and-run,Moderate,Car
2025-08-31,12:08:00,East,Single Vehicle,Fatal,Car
2025-08-31,06:16:00,Industrial,Single Vehicle,Fatal,Motorcycle
2025-08-31,04:01:00,Industrial,Rear-end,Moderate,Motorcycle
2025-08-31,07:18:00,Central,Rear-end,Moderate,Motorcycle
2025-08-31,13:18:00,Suburban,Collision,Minor,Truck
2025-08-31,22:55:00,Highway,Single Vehicle,Moderate,Car
2025-08-31,12:06:00,North,Rear-end,Minor,Car
2025-08-31,14:53:00,North,Collision,Minor,Car
2025-08-31,22:41:00,Central,Rear-end,Moderate,Motorcycle
2025-08-31,16:41:00,Central,Collision,Minor,Car
2025-09-01,14:58:00,Industrial,Rear-end,Minor,Bus
2025-09-01,19:19:00,East,Rear-end,Severe,Car
2025-09-01,17:08:00,Highway,Collision,Minor,Auto
2025-09-01,17:16:00,Industrial,Collision,Minor,Motorcycle
2025-09-01,01:26:00,West,Single Vehicle,Minor,Motorcycle
2025-09-01,03:46:00,Industrial,Pedestrian,Minor,Bus
2025-09-01,00:01:00,Central,Pedestrian,Minor,Truck
2025-09-01,03:35:00,South,Collision,Moderate,Motorcycle
2025-09-01,17:18:00,West,Pedestrian,Minor,Auto
2025-09-01,04:16:00,Central,Rear-end,Severe,Motorcycle
2025-09-01,18:04:00,Central,Collision,Minor,Bus
2025-09-01,14:38:00,Highway,Collision,Moderate,Car
2025-09-01,07:17:00,Industrial,Collision,Moderate,Auto
2025-09-01,19:52:00,North,Collision,Moderate,Car
2025-09-01,16:53:00,Industrial,Single Vehicle,Moderate,Car
2025-09-02,00:58:00,Highway,Collision,Severe,Truck
2025-09-02,11:06:00,South,Rear-end,Minor,Car
2025-09-02,18:16:00,Central,Rear-end,Moderate,Car
2025-09-02,14:38:00,Suburban,Collision,Severe,Car
2025-09-02,08:35:00,South,Rear-end,Minor,Truck
2025-09-02,06:39:00,Central,Collision,Minor,Auto
2025-09-02,01:44:00,East,Pedestrian,Minor,Truck
2025-09-02,08:03:00,Highway,Collision,Moderate,Auto
2025-09-02,09:37:00,North,Rear-end,Minor,Motorcycle
2025-09-02,01:24:00,North,Hit-and-run,Minor,Car
2025-09-02,18:04:00,North,Single Vehicle,Minor,Car
2025-09-02,10:29:00,Suburban,Pedestrian,Moderate,Motorcycle
2025-09-02,12:11:00,North,Rear-end,Minor,Car
2025-09-02,09:03:00,West,Rear-end,Minor,Car
2025-09-03,13:23:00,Suburban,Rear-end,Moderate,Motorcycle
2025-09-03,17:28:00,Central,Pedestrian,Severe,Truck
2025-09-03,18:08:00,Suburban,Single Vehicle,Moderate,Car
2025-09-03,21:03:00,Suburban,Collision,Moderate,Bus
2025-09-03,08:50:00,Highway,Rear-end,Minor,Truck
2025-09-03,06:23:00,North,Pedestrian,Minor,Truck
2025-09-03,02:13:00,West,Rear-end,Minor,Bicycle
2025-09-03,19:04:00,Highway,Collision,Severe,Car
2025-09-03,05:17:00,Suburban,Rear-end,Minor,Truck
2025-09-03,20:41:00,North,Rear-end,Severe,Auto
2025-09-03,01:56:00,Highway,Single Vehicle,Fatal,Motorcycle
2025-09-03,05:18:00,South,Rear-end,Minor,Bus
2025-09-03,02:11:00,Central,Collision,Minor,Car
2025-09-03,15:17:00,East,Collision,Minor,Motorcycle
2025-09-04,07:16:00,Highway,Collision,Minor,Car
2025-09-04,01:29:00,East,Rear-end,Minor,Bicycle
2025-09-04,16:23:00,East,Rear-end,Severe,Bus
2025-09-04,08:10:00,Suburban,Collision,Minor,Auto
2025-09-04,11:34:00,South,Hit-and-run,Minor,Truck
2025-09-04,02:22:00,West,Pedestrian,Minor,Car
2025-09-04,10:16:00,South,Collision,Severe,Car
2025-09-04,00:00:00,South,Collision,Moderate,Auto
2025-09-04,22:14:00,Industrial,Single Vehicle,Severe,Car
2025-09-04,12:31:00,Suburban,Collision,Fatal,Car
2025-09-04,14:59:00,West,Pedestrian,Moderate,Motorcycle
2025-09-04,04:08:00,Highway,Rear-end,Minor,Motorcycle
2025-09-04,20:14:00,Central,Pedestrian,Minor,Truck
2025-09-04,16:27:00,North,Pedestrian,Minor,Motorcycle
2025-09-05,22:23:00,East,Hit-and-run,Moderate,Truck
2025-09-05,23:59:00,Central,Single Vehicle,Minor,Auto
2025-09-05,05:34:00,North,Single Vehicle,Minor,Car
2025-09-05,20:21:00,East,Rear-end,Moderate,Car
2025-09-05,21:26:00,Central,Collision,Moderate,Motorcycle
2025-09-05,10:18:00,North,Rear-end,Moderate,Bicycle
2025-09-05,17:44:00,East,Pedestrian,Minor,Car
2025-09-05,03:11:00,West,Hit-and-run,Severe,Car
2025-09-05,02:19:00,Suburban,Collision,Moderate,Truck
2025-09-05,12:00:00,West,Collision,Minor,Car
2025-09-05,22:20:00,South,Hit-and-run,Severe,Bicycle
2025-09-05,08:48:00,Suburban,Collision,Fatal,Auto
2025-09-05,20:44:00,Highway,Rear-end,Minor,Motorcycle
2025-09-05,05:00:00,North,Pedestrian,Minor,Truck
2025-09-05,11:09:00,Central,Rear-end,Moderate,Car
2025-09-06,01:46:00,Industrial,Collision,Minor,Truck
2025-09-06,02:58:00,West,Collision,Severe,Truck
2025-09-06,02:58:00,Highway,Collision,Minor,Car
2025-09-06,11:31:00,Industrial,Collision,Moderate,Car
2025-09-06,14:38:00,West,Rear-end,Moderate,Auto
2025-09-06,08:59:00,Unknown,Rear-end,Moderate,Motorcycle
2025-09-06,22:21:00,East,Collision,Minor,Truck
2025-09-06,07:17:00,Central,Collision,Minor,Car
2025-09-06,10:47:00,Highway,Collision,Minor,Car
2025-09-06,15:45:00,North,Single Vehicle,Minor,Bus
2025-09-06,21:31:00,Highway,Rear-end,Minor,Car
2025-09-06,03:26:00,Suburban,Single Vehicle,Severe,Motorcycle
2025-09-06,00:27:00,Industrial,Single Vehicle,Minor,Car
2025-09-06,23:17:00,West,Rear-end,Moderate,Car
2025-09-07,06:58:00,East,Hit-and-run,Minor,Auto
2025-09-07,01:38:00,South,Collision,Moderate,Motorcycle
2025-09-07,23:48:00,South,Hit-and-run,Fatal,Auto
2025-09-07,04:28:00,West,Collision,Minor,Auto
2025-09-07,06:17:00,Industrial,Pedestrian,Severe,Auto
2025-09-07,03:43:00,Industrial,Collision,Moderate,Auto
2025-09-07,04:07:00,North,Pedestrian,Severe,Car
2025-09-07,23:53:00,East,Collision,Moderate,Auto
2025-09-07,00:30:00,Highway,Single Vehicle,Minor,Car
2025-09-07,00:33:00,East,Collision,Minor,Car
2025-09-07,14:06:00,East,Hit-and-run,Minor,Car
2025-09-07,19:35:00,Highway,Rear-end,Moderate,Car
2025-09-07,18:17:00,Industrial,Collision,Fatal,Truck
2025-09-07,09:59:00,South,Hit-and-run,Moderate,Car
2025-09-08,17:37:00,Highway,Single Vehicle,Minor,Car
2025-09-08,02:58:00,Central,Collision,Severe,Motorcycle
2025-09-08,10:08:00,Suburban,Single Vehicle,Moderate,Motorcycle
2025-09-08,14:58:00,Central,Rear-end,Minor,Bus
2025-09-08,10:08:00,Central,Pedestrian,Minor,Car
2025-09-08,16:45:00,Highway,Rear-end,Minor,Car
2025-09-08,16:07:00,North,Rear-end,Severe,Car
2025-09-08,05:50:00,Industrial,Single Vehicle,Severe,Car
2025-09-08,04:34:00,Highway,Rear-end,Minor,Motorcycle
2025-09-08,07:17:00,Highway,Rear-end,Minor,Motorcycle
2025-09-08,01:04:00,Suburban,Collision,Severe,Car
2025-09-08,15:13:00,South,Collision,Severe,Car
2025-09-08,19:27:00,Industrial,Hit-and-run,Moderate,Car
2025-09-08,23:29:00,Central,Hit-and-run,Moderate,Bicycle
2025-09-08,11:03:00,South,Rear-end,Minor,Car
2025-09-09,05:38:00,Highway,Collision,Moderate,Bus
2025-09-09,00:19:00,South,Rear-end,Minor,Truck
2025-09-09,03:24:00,Unknown,Collision,Severe,Car
2025-09-09,16:27:00,East,Rear-end,Minor,Bicycle
2025-09-09,12:11:00,West,Single Vehicle,Severe,Bus
2025-09-09,17:01:00,Suburban,Pedestrian,Minor,Truck
2025-09-09,04:42:00,Central,Collision,Severe,Car
2025-09-09,23:13:00,West,Single Vehicle,Minor,Motorcycle
2025-09-09,23:21:00,Highway,Rear-end,Minor,Car
2025-09-09,02:30:00,East,Pedestrian,Moderate,Car
2025-09-09,10:22:00,Central,Collision,Minor,Auto
2025-09-09,12:47:00,West,Hit-and-run,Severe,Auto
2025-09-09,03:19:00,South,Collision,Moderate,Car
2025-09-09,13:37:00,Central,Rear-end,Moderate,Bus
2025-09-10,21:54:00,Highway,Collision,Severe,Bus
2025-09-10,10:03:00,East,Collision,Severe,Car
2025-09-10,09:14:00,Suburban,Collision,Moderate,Motorcycle
2025-09-10,18:23:00,Highway,Collision,Severe,Motorcycle
2025-09-10,17:24:00,Industrial,Collision,Minor,Bus
2025-09-10,05:00:00,Central,Hit-and-run,Minor,Auto
2025-09-10,14:06:00,East,Collision,Moderate,Car
2025-09-10,20:56:00,North,Rear-end,Minor,Motorcycle
2025-09-10,09:30:00,Suburban,Collision,Minor,Bus
2025-09-10,04:11:00,Central,Single Vehicle,Minor,Bus
2025-09-10,04:41:00,North,Single Vehicle,Minor,Car
2025-09-10,09:04:00,East,Collision,Severe,Motorcycle
2025-09-10,04:43:00,North,Rear-end,Moderate,Auto
2025-09-10,02:49:00,North,Collision,Fatal,Car
2025-09-11,22:41:00,West,Single Vehicle,Moderate,Motorcycle
2025-09-11,05:37:00,Central,Rear-end,Minor,Bus
2025-09-11,03:59:00,Central,Collision,Minor,Car
2025-09-11,17:11:00,South,Collision,Minor,Auto
2025-09-11,08:38:00,Industrial,Collision,Severe,Car
2025-09-11,16:17:00,West,Rear-end,Minor,Car
2025-09-11,12:01:00,East,Hit-and-run,Minor,Car
2025-09-11,14:09:00,West,Rear-end,Severe,Car
2025-09-11,19:14:00,South,Rear-end,Moderate,Car
2025-09-11,16:29:00,Unknown,Collision,Minor,Truck
2025-09-11,12:43:00,Central,Collision,Minor,Car
2025-09-11,15:57:00,Industrial,Collision,Severe,Auto
2025-09-11,21:16:00,Unknown,Pedestrian,Severe,Motorcycle
2025-09-11,03:03:00,Highway,Collision,Minor,Motorcycle
2025-09-12,04:06:00,North,Rear-end,Minor,Motorcycle
2025-09-12,04:40:00,South,Collision,Severe,Truck
2025-09-12,08:30:00,Industrial,Collision,Moderate,Motorcycle
2025-09-12,16:50:00,Central,Hit-and-run,Severe,Car
2025-09-12,12:59:00,Highway,Rear-end,Moderate,Auto
2025-09-12,01:58:00,Industrial,Rear-end,Severe,Motorcycle
2025-09-12,12:54:00,Industrial,Rear-end,Minor,Car
2025-09-12,21:38:00,Central,Rear-end,Minor,Motorcycle
2025-09-12,20:54:00,Industrial,Collision,Moderate,Truck
2025-09-12,22:33:00,Industrial,Rear-end,Moderate,Car
2025-09-12,18:05:00,Highway,Hit-and-run,Severe,Bus
2025-09-12,02:49:00,Central,Collision,Minor,Truck
2025-09-12,09:37:00,Central,Rear-end,Severe,Truck
2025-09-12,01:44:00,South,Collision,Minor,Motorcycle
2025-09-12,12:57:00,Central,Collision,Moderate,Bicycle
2025-09-13,18:50:00,West,Rear-end,Minor,Car
2025-09-13,16:33:00,Suburban,Single Vehicle,Moderate,Motorcycle
2025-09-13,20:43:00,South,Single Vehicle,Moderate,Car
2025-09-13,13:14:00,Highway,Collision,Minor,Bus
2025-09-13,11:13:00,Central,Rear-end,Minor,Car
2025-09-13,20:05:00,Central,Rear-end,Moderate,Car
2025-09-13,11:49:00,Central,Collision,Severe,Bus
2025-09-13,10:36:00,South,Pedestrian,Minor,Motorcycle
2025-09-13,06:49:00,Highway,Pedestrian,Minor,Car
2025-09-13,03:31:00,Central,Single Vehicle,Minor,Motorcycle
2025-09-13,18:02:00,West,Collision,Severe,Truck
2025-09-13,00:02:00,East,Collision,Minor,Car
2025-09-13,23:21:00,Suburban,Pedestrian,Minor,Car
2025-09-13,02:21:00,Central,Hit-and-run,Moderate,Bicycle
2025-09-14,12:09:00,North,Single Vehicle,Moderate,Motorcycle
2025-09-14,14:50:00,Central,Collision,Minor,Car
2025-09-14,01:02:00,East,Rear-end,Fatal,Bus
2025-09-14,10:11:00,North,Rear-end,Moderate,Motorcycle
2025-09-14,03:28:00,Highway,Collision,Moderate,Car
2025-09-14,18:47:00,West,Rear-end,Minor,Car
2025-09-14,16:16:00,West,Rear-end,Severe,Car
2025-09-14,02:06:00,East,Collision,Minor,Auto
2025-09-14,17:12:00,Central,Collision,Minor,Car
2025-09-14,07:55:00,East,Hit-and-run,Minor,Car
2025-09-14,21:01:00,Suburban,Rear-end,Moderate,Auto
2025-09-14,23:03:00,Highway,Single Vehicle,Moderate,Car
2025-09-14,18:09:00,Highway,Collision,Moderate,Truck
2025-09-14,04:38:00,Highway,Collision,Minor,Car
2025-09-15,06:23:00,Central,Single Vehicle,Moderate,Motorcycle
2025-09-15,20:16:00,North,Single Vehicle,Moderate,Car
2025-09-15,07:51:00,Central,Collision,Minor,Car
2025-09-15,04:05:00,South,Pedestrian,Severe,Motorcycle
2025-09-15,16:18:00,Central,Collision,Minor,Truck
2025-09-15,04:04:00,East,Collision,Moderate,Truck
2025-09-15,03:31:00,Industrial,Collision,Minor,Truck
2025-09-15,21:09:00,Highway,Collision,Moderate,Motorcycle
2025-09-15,18:08:00,Industrial,Pedestrian,Fatal,Motorcycle
2025-09-15,20:26:00,Suburban,Hit-and-run,Fatal,Truck
2025-09-15,01:12:00,Central,Single Vehicle,Minor,Truck
2025-09-15,10:18:00,Central,Hit-and-run,Minor,Truck
2025-09-15,21:20:00,Industrial,Rear-end,Minor,Motorcycle
2025-09-15,12:23:00,North,Hit-and-run,Severe,Car
2025-09-15,14:37:00,North,Single Vehicle,Moderate,Car
2025-09-16,11:03:00,South,Hit-and-run,Minor,Car
2025-09-16,21:23:00,North,Pedestrian,Minor,Auto
2025-09-16,20:58:00,East,Single Vehicle,Severe,Bus
2025-09-16,21:34:00,East,Collision,Moderate,Motorcycle
2025-09-16,10:02:00,East,Hit-and-run,Minor,Car
2025-09-16,06:03:00,Industrial,Single Vehicle,Minor,Car
2025-09-16,04:56:00,South,Single Vehicle,Minor,Auto
2025-09-16,16:36:00,North,Collision,Moderate,Auto
2025-09-16,23:39:00,Central,Rear-end,Severe,Car
2025-09-16,19:47:00,South,Hit-and-run,Severe,Bus
2025-09-16,08:53:00,Industrial,Collision,Minor,Motorcycle
2025-09-16,13:34:00,Industrial,Rear-end,Severe,Car
2025-09-16,11:30:00,Industrial,Collision,Minor,Truck
2025-09-16,05:55:00,North,Collision,Minor,Motorcycle
2025-09-17,16:43:00,West,Rear-end,Fatal,Bus
2025-09-17,18:24:00,West,Rear-end,Minor,Car
2025-09-17,18:39:00,East,Rear-end,Minor,Car
2025-09-17,15:12:00,West,Rear-end,Fatal,Car
2025-09-17,11:03:00,East,Collision,Minor,Car
2025-09-17,11:45:00,West,Collision,Moderate,Motorcycle
2025-09-17,19:13:00,Industrial,Collision,Severe,Car
2025-09-17,05:12:00,Central,Collision,Moderate,Motorcycle
2025-09-17,22:26:00,Industrial,Rear-end,Minor,Car
2025-09-17,03:05:00,Central,Pedestrian,Minor,Truck
2025-09-17,05:16:00,Central,Collision,Minor,Motorcycle
2025-09-17,10:35:00,Suburban,Collision,Minor,Truck
2025-09-17,00:39:00,Suburban,Pedestrian,Severe,Car
2025-09-17,23:48:00,Central,Collision,Minor,Car
2025-09-18,22:34:00,East,Single Vehicle,Minor,Car
2025-09-18,14:16:00,North,Hit-and-run,Moderate,Car
2025-09-18,10:40:00,East,Collision,Moderate,Car
2025-09-18,18:01:00,Highway,Collision,Severe,Car
2025-09-18,17:56:00,Suburban,Rear-end,Minor,Motorcycle
2025-09-18,16:12:00,West,Collision,Severe,Bicycle
2025-09-18,18:51:00,South,Collision,Moderate,Car
2025-09-18,20:01:00,West,Collision,Minor,Auto
2025-09-18,13:51:00,South,Pedestrian,Minor,Car
2025-09-18,17:27:00,Highway,Rear-end,Minor,Truck
2025-09-18,18:42:00,Highway,Collision,Moderate,Truck
2025-09-18,14:58:00,West,Hit-and-run,Minor,Auto
2025-09-18,14:25:00,South,Rear-end,Severe,Car
2025-09-18,03:21:00,South,Rear-end,Moderate,Car
2025-09-19,06:46:00,Central,Collision,Severe,Car
2025-09-19,12:42:00,Highway,Rear-end,Minor,Car
2025-09-19,02:54:00,East,Single Vehicle,Minor,Auto
2025-09-19,15:02:00,South,Collision,Minor,Unknown
2025-09-19,08:34:00,East,Collision,Minor,Truck
2025-09-19,07:59:00,Highway,Collision,Severe,Motorcycle
2025-09-19,19:57:00,Central,Collision,Minor,Auto
2025-09-19,12:11:00,Highway,Collision,Minor,Motorcycle
2025-09-19,16:23:00,Highway,Pedestrian,Minor,Car
2025-09-19,16:04:00,Suburban,Single Vehicle,Minor,Auto
2025-09-19,16:19:00,South,Collision,Severe,Car
2025-09-19,00:38:00,North,Rear-end,Moderate,Car
2025-09-19,07:38:00,South,Hit-and-run,Moderate,Car
2025-09-19,18:12:00,South,Rear-end,Minor,Motorcycle
2025-09-19,05:40:00,Central,Rear-end,Severe,Motorcycle
2025-09-20,02:56:00,West,Collision,Moderate,Car
2025-09-20,04:52:00,East,Rear-end,Minor,Truck
2025-09-20,12:44:00,Highway,Rear-end,Minor,Bus
2025-09-20,14:11:00,Central,Pedestrian,Severe,Auto
2025-09-20,13:12:00,West,Pedestrian,Moderate,Motorcycle
2025-09-20,22:55:00,Highway,Collision,Moderate,Bus
2025-09-20,15:09:00,Industrial,Collision,Minor,Bus
2025-09-20,17:32:00,Highway,Single Vehicle,Minor,Car
2025-09-20,21:56:00,Industrial,Rear-end,Moderate,Car
2025-09-20,21:39:00,Suburban,Single Vehicle,Moderate,Motorcycle
2025-09-20,10:53:00,South,Collision,Moderate,Car
2025-09-20,02:15:00,East,Rear-end,Moderate,Car
2025-09-20,21:44:00,Central,Rear-end,Minor,Motorcycle
2025-09-20,09:34:00,Central,Single Vehicle,Severe,Car
2025-09-21,09:02:00,North,Collision,Severe,Car
2025-09-21,20:55:00,Central,Collision,Severe,Motorcycle
2025-09-21,15:04:00,North,Rear-end,Minor,Truck
2025-09-21,11:25:00,Central,Single Vehicle,Minor,Auto
2025-09-21,01:10:00,Central,Single Vehicle,Severe,Motorcycle
2025-09-21,08:06:00,Highway,Single Vehicle,Moderate,Motorcycle
2025-09-21,23:52:00,Central,Single Vehicle,Moderate,Car
2025-09-21,02:55:00,Industrial,Collision,Severe,Car
2025-09-21,23:09:00,Central,Collision,Moderate,Car
2025-09-21,14:41:00,Unknown,Collision,Moderate,Bus
2025-09-21,02:51:00,Highway,Collision,Minor,Motorcycle
2025-09-21,18:33:00,West,Pedestrian,Minor,Bus
2025-09-21,17:02:00,Industrial,Single Vehicle,Minor,Truck
2025-09-21,07:07:00,Central,Collision,Severe,Car
2025-09-22,16:30:00,Suburban,Rear-end,Minor,Motorcycle
2025-09-22,07:10:00,Highway,Single Vehicle,Minor,Motorcycle
2025-09-22,06:44:00,Highway,Rear-end,Severe,Motorcycle
2025-09-22,06:06:00,West,Collision,Moderate,Motorcycle
2025-09-22,02:44:00,South,Rear-end,Moderate,Bicycle
2025-09-22,00:01:00,Highway,Collision,Minor,Bus
2025-09-22,03:05:00,South,Rear-end,Severe,Auto
2025-09-22,04:40:00,West,Rear-end,Minor,Car
2025-09-22,00:31:00,Central,Collision,Minor,Car
2025-09-22,14:19:00,Suburban,Single Vehicle,Minor,Car
2025-09-22,04:56:00,Central,Rear-end,Minor,Car
2025-09-22,12:33:00,North,Rear-end,Minor,Motorcycle
2025-09-22,07:49:00,West,Single Vehicle,Moderate,Truck
2025-09-22,07:15:00,Highway,Collision,Minor,Motorcycle
2025-09-23,04:24:00,West,Collision,Moderate,Auto
2025-09-23,08:11:00,North,Pedestrian,Minor,Auto
2025-09-23,00:06:00,Central,Collision,Minor,Car
2025-09-23,03:38:00,Industrial,Pedestrian,Moderate,Auto
2025-09-23,02:16:00,Suburban,Collision,Severe,Motorcycle
2025-09-23,01:44:00,Highway,Collision,Severe,Motorcycle
2025-09-23,07:10:00,East,Rear-end,Fatal,Bus
2025-09-23,22:05:00,Highway,Collision,Moderate,Car
2025-09-23,08:22:00,South,Pedestrian,Moderate,Auto
2025-09-23,01:26:00,East,Hit-and-run,Moderate,Truck
2025-09-23,13:45:00,East,Single Vehicle,Moderate,Auto
2025-09-23,13:05:00,East,Pedestrian,Minor,Bicycle
2025-09-23,03:37:00,Highway,Collision,Moderate,Motorcycle
2025-09-23,05:01:00,East,Pedestrian,Minor,Car
2025-09-23,10:21:00,South,Hit-and-run,Minor,Car
2025-09-24,02:19:00,North,Hit-and-run,Moderate,Car
2025-09-24,07:24:00,Central,Pedestrian,Minor,Car
2025-09-24,02:14:00,West,Rear-end,Minor,Bus
2025-09-24,13:59:00,North,Rear-end,Minor,Car
2025-09-24,12:48:00,Central,Hit-and-run,Fatal,Bicycle
2025-09-24,12:28:00,West,Collision,Minor,Truck
2025-09-24,01:07:00,Industrial,Collision,Minor,Car
2025-09-24,12:36:00,Industrial,Rear-end,Severe,Motorcycle
2025-09-24,18:48:00,East,Collision,Moderate,Motorcycle
2025-09-24,05:51:00,Highway,Collision,Minor,Motorcycle
2025-09-24,15:32:00,Suburban,Collision,Minor,Motorcycle
2025-09-24,01:21:00,Highway,Rear-end,Minor,Car
2025-09-24,07:49:00,West,Collision,Minor,Truck
2025-09-24,16:46:00,South,Pedestrian,Minor,Motorcycle
2025-09-25,22:04:00,Suburban,Collision,Minor,Bus
2025-09-25,01:38:00,North,Rear-end,Severe,Bus
2025-09-25,09:17:00,North,Rear-end,Moderate,Car
2025-09-25,15:37:00,East,Hit-and-run,Moderate,Car
2025-09-25,05:53:00,Central,Collision,Minor,Truck
2025-09-25,01:52:00,Suburban,Single Vehicle,Minor,Bicycle
2025-09-25,01:36:00,West,Single Vehicle,Severe,Motorcycle
2025-09-25,12:29:00,West,Single Vehicle,Minor,Unknown
2025-09-25,23:50:00,West,Single Vehicle,Severe,Car
2025-09-25,14:30:00,East,Rear-end,Moderate,Car
2025-09-25,01:09:00,Central,Rear-end,Severe,Car
2025-09-25,06:14:00,West,Pedestrian,Minor,Motorcycle
2025-09-25,02:41:00,Industrial,Hit-and-run,Minor,Truck
2025-09-25,07:58:00,South,Single Vehicle,Moderate,Car
2025-09-26,22:47:00,Industrial,Hit-and-run,Moderate,Car
2025-09-26,13:43:00,North,Single Vehicle,Minor,Car
2025-09-26,23:17:00,North,Collision,Fatal,Auto
2025-09-26,22:22:00,Central,Pedestrian,Minor,Motorcycle
2025-09-26,21:32:00,South,Hit-and-run,Minor,Bicycle
2025-09-26,06:15:00,Highway,Hit-and-run,Moderate,Motorcycle
2025-09-26,20:53:00,Highway,Collision,Moderate,Car
2025-09-26,06:37:00,South,Pedestrian,Fatal,Car
2025-09-26,00:34:00,West,Single Vehicle,Minor,Truck
2025-09-26,16:33:00,Industrial,Collision,Minor,Motorcycle
2025-09-26,08:27:00,North,Hit-and-run,Moderate,Motorcycle
2025-09-26,20:01:00,Central,Rear-end,Minor,Bus
2025-09-26,12:29:00,Suburban,Single Vehicle,Minor,Truck
2025-09-26,20:12:00,West,Rear-end,Moderate,Car
2025-09-26,18:40:00,Suburban,Collision,Minor,Bus
2025-09-27,20:15:00,South,Rear-end,Moderate,Motorcycle
2025-09-27,18:58:00,Industrial,Hit-and-run,Minor,Car
2025-09-27,21:04:00,North,Collision,Moderate,Motorcycle
2025-09-27,16:54:00,North,Rear-end,Moderate,Motorcycle
2025-09-27,22:27:00,East,Single Vehicle,Minor,Car
2025-09-27,22:52:00,South,Single Vehicle,Minor,Car
2025-09-27,09:38:00,Central,Collision,Minor,Car
2025-09-27,09:44:00,North,Single Vehicle,Minor,Car
2025-09-27,03:19:00,Central,Hit-and-run,Moderate,Car
2025-09-27,07:23:00,Industrial,Collision,Fatal,Car
2025-09-27,21:26:00,East,Collision,Moderate,Car
2025-09-27,19:29:00,Central,Collision,Moderate,Car
2025-09-27,19:57:00,Central,Pedestrian,Minor,Auto
2025-09-27,17:44:00,Central,Collision,Minor,Car
2025-09-28,13:26:00,West,Collision,Severe,Car
2025-09-28,17:25:00,Central,Pedestrian,Fatal,Car
2025-09-28,13:06:00,Industrial,Rear-end,Moderate,Bus
2025-09-28,19:41:00,Central,Pedestrian,Minor,Car
2025-09-28,20:46:00,North,Pedestrian,Moderate,Car
2025-09-28,23:52:00,Highway,Collision,Minor,Car
2025-09-28,14:58:00,Industrial,Single Vehicle,Moderate,Bicycle
2025-09-28,21:37:00,Central,Collision,Severe,Motorcycle
2025-09-28,03:04:00,Highway,Rear-end,Minor,Car
2025-09-28,12:22:00,East,Hit-and-run,Fatal,Car
2025-09-28,22:27:00,Highway,Collision,Fatal,Car
2025-09-28,07:33:00,West,Single Vehicle,Severe,Car
2025-09-28,17:52:00,Industrial,Rear-end,Moderate,Bus
2025-09-28,11:14:00,Suburban,Collision,Minor,Motorcycle
2025-09-29,22:31:00,North,Single Vehicle,Moderate,Truck
2025-09-29,13:25:00,West,Rear-end,Minor,Car
2025-09-29,01:47:00,East,Hit-and-run,Minor,Motorcycle
2025-09-29,17:30:00,Central,Rear-end,Minor,Car
2025-09-29,23:18:00,Central,Pedestrian,Moderate,Car
2025-09-29,01:08:00,Central,Collision,Minor,Truck
2025-09-29,10:28:00,West,Collision,Minor,Car
2025-09-29,08:53:00,West,Rear-end,Minor,Motorcycle
2025-09-29,11:57:00,West,Collision,Moderate,Auto
2025-09-29,16:50:00,Central,Hit-and-run,Moderate,Car
2025-09-29,14:38:00,East,Rear-end,Minor,Auto
2025-09-29,16:03:00,Suburban,Collision,Fatal,Car
2025-09-29,17:02:00,South,Collision,Minor,Car
2025-09-29,21:55:00,West,Hit-and-run,Moderate,Motorcycle
2025-09-30,05:28:00,Highway,Pedestrian,Moderate,Motorcycle
2025-09-30,16:51:00,Highway,Rear-end,Moderate,Car
2025-09-30,22:10:00,East,Rear-end,Minor,Bus
2025-09-30,23:32:00,Highway,Collision,Severe,Bicycle
2025-09-30,17:37:00,South,Hit-and-run,Severe,Car
2025-09-30,07:57:00,Highway,Collision,Moderate,Auto
2025-09-30,08:10:00,North,Rear-end,Moderate,Motorcycle
2025-09-30,05:26:00,North,Hit-and-run,Minor,Auto
2025-09-30,04:32:00,Central,Single Vehicle,Moderate,Car
2025-09-30,11:20:00,Highway,Rear-end,Minor,Bus
2025-09-30,10:38:00,South,Pedestrian,Moderate,Car
2025-09-30,00:30:00,North,Rear-end,Minor,Auto
2025-09-30,10:37:00,North,Single Vehicle,Moderate,Truck
2025-09-30,18:45:00,Highway,Rear-end,Minor,Car
2025-09-30,08:01:00,Highway,Collision,Minor,Car
2025-10-01,01:26:00,West,Single Vehicle,Minor,Bus
2025-10-01,11:35:00,West,Collision,Minor,Motorcycle
2025-10-01,03:10:00,East,Collision,Moderate,Car
2025-10-01,03:46:00,South,Collision,Severe,Motorcycle
2025-10-01,17:17:00,Suburban,Single Vehicle,Moderate,Auto
2025-10-01,14:58:00,Central,Collision,Moderate,Car
2025-10-01,18:00:00,South,Single Vehicle,Moderate,Car
2025-10-01,12:34:00,South,Rear-end,Minor,Auto
2025-10-01,18:34:00,East,Collision,Minor,Car
2025-10-01,16:30:00,East,Rear-end,Minor,Car
2025-10-01,05:27:00,East,Collision,Moderate,Car
2025-10-01,15:38:00,Central,Hit-and-run,Minor,Auto
2025-10-01,23:00:00,East,Hit-and-run,Minor,Car
2025-10-01,11:24:00,North,Rear-end,Moderate,Truck
2025-10-02,18:42:00,North,Collision,Severe,Auto
2025-10-02,04:37:00,Central,Hit-and-run,Moderate,Car
2025-10-02,16:19:00,Highway,Single Vehicle,Moderate,Auto
2025-10-02,22:02:00,East,Hit-and-run,Moderate,Car
2025-10-02,00:50:00,West,Pedestrian,Moderate,Truck
2025-10-02,23:01:00,Industrial,Collision,Moderate,Car
2025-10-02,22:17:00,Industrial,Single Vehicle,Severe,Truck
2025-10-02,09:43:00,East,Collision,Minor,Car
2025-10-02,14:09:00,South,Collision,Minor,Car
2025-10-02,22:04:00,South,Single Vehicle,Minor,Auto
2025-10-02,20:08:00,West,Single Vehicle,Minor,Car
2025-10-02,20:01:00,East,Hit-and-run,Severe,Auto
2025-10-02,10:33:00,Highway,Collision,Minor,Car
2025-10-02,12:59:00,Highway,Collision,Minor,Car
2025-10-03,04:37:00,Central,Rear-end,Severe,Auto
2025-10-03,00:30:00,Central,Single Vehicle,Moderate,Car
2025-10-03,23:09:00,West,Collision,Moderate,Auto
2025-10-03,11:49:00,South,Pedestrian,Severe,Motorcycle
2025-10-03,10:11:00,Central,Collision,Moderate,Car
2025-10-03,16:35:00,Highway,Pedestrian,Moderate,Truck
2025-10-03,03:53:00,North,Single Vehicle,Minor,Car
2025-10-03,14:20:00,Suburban,Rear-end,Minor,Car
2025-10-03,08:48:00,Industrial,Collision,Minor,Truck
2025-10-03,20:46:00,Highway,Pedestrian,Moderate,Car
2025-10-03,19:05:00,North,Rear-end,Fatal,Car
2025-10-03,18:47:00,North,Hit-and-run,Fatal,Bus
2025-10-03,18:48:00,East,Hit-and-run,Severe,Bus
2025-10-03,11:02:00,Central,Collision,Minor,Motorcycle
2025-10-03,04:09:00,South,Single Vehicle,Fatal,Motorcycle
2025-10-04,09:04:00,South,Collision,Moderate,Truck
2025-10-04,16:45:00,Central,Single Vehicle,Minor,Motorcycle
2025-10-04,04:25:00,North,Collision,Moderate,Car
2025-10-04,21:20:00,Highway,Hit-and-run,Minor,Bicycle
2025-10-04,15:44:00,Central,Collision,Minor,Car
2025-10-04,06:25:00,Central,Collision,Severe,Motorcycle
2025-10-04,08:37:00,West,Collision,Moderate,Auto
2025-10-04,02:43:00,Suburban,Pedestrian,Minor,Truck
2025-10-04,14:25:00,South,Rear-end,Moderate,Auto
2025-10-04,15:07:00,Central,Single Vehicle,Severe,Car
2025-10-04,17:04:00,West,Collision,Moderate,Car
2025-10-04,13:14:00,Highway,Hit-and-run,Minor,Auto
2025-10-04,02:58:00,Highway,Pedestrian,Minor,Car
2025-10-04,11:15:00,West,Collision,Minor,Truck
2025-10-05,08:00:00,South,Rear-end,Fatal,Car
2025-10-05,06:15:00,West,Rear-end,Minor,Bus
2025-10-05,08:36:00,Central,Collision,Minor,Motorcycle
2025-10-05,12:02:00,Industrial,Collision,Moderate,Car
2025-10-05,17:51:00,Industrial,Hit-and-run,Severe,Motorcycle
2025-10-05,04:46:00,Suburban,Collision,Moderate,Truck
2025-10-05,12:30:00,North,Hit-and-run,Moderate,Car
2025-10-05,03:12:00,Central,Single Vehicle,Minor,Truck
2025-10-05,01:55:00,West,Rear-end,Minor,Motorcycle
2025-10-05,15:15:00,Industrial,Rear-end,Severe,Car
2025-10-05,08:54:00,Highway,Collision,Severe,Bus
2025-10-05,08:42:00,North,Single Vehicle,Severe,Car
2025-10-05,05:20:00,North,Collision,Severe,Car
2025-10-05,10:01:00,East,Rear-end,Severe,Motorcycle
2025-10-06,21:53:00,South,Single Vehicle,Moderate,Truck
2025-10-06,23:26:00,Highway,Rear-end,Severe,Auto
2025-10-06,21:37:00,East,Hit-and-run,Moderate,Car
2025-10-06,00:25:00,Highway,Rear-end,Minor,Car
2025-10-06,03:57:00,West,Collision,Minor,Car
2025-10-06,12:58:00,Highway,Pedestrian,Fatal,Bus
2025-10-06,22:37:00,South,Collision,Minor,Motorcycle
2025-10-06,12:45:00,Highway,Hit-and-run,Severe,Truck
2025-10-06,12:24:00,North,Collision,Minor,Car
2025-10-06,01:10:00,West,Single Vehicle,Minor,Auto
2025-10-06,08:07:00,North,Collision,Minor,Motorcycle
2025-10-06,23:07:00,East,Rear-end,Minor,Auto
2025-10-06,07:32:00,South,Rear-end,Minor,Car
2025-10-06,06:52:00,North,Rear-end,Minor,Motorcycle
2025-10-07,03:06:00,Suburban,Collision,Severe,Bus
2025-10-07,17:37:00,Central,Rear-end,Minor,Motorcycle
2025-10-07,02:20:00,Highway,Collision,Minor,Car
2025-10-07,05:07:00,Suburban,Rear-end,Minor,Bicycle
2025-10-07,11:50:00,Central,Collision,Moderate,Car
2025-10-07,11:53:00,Industrial,Rear-end,Moderate,Car
2025-10-07,20:20:00,North,Collision,Moderate,Motorcycle
2025-10-07,07:55:00,Central,Single Vehicle,Minor,Motorcycle
2025-10-07,21:19:00,South,Rear-end,Minor,Bus
2025-10-07,21:07:00,Suburban,Collision,Moderate,Car
2025-10-07,00:57:00,Central,Rear-end,Severe,Motorcycle
2025-10-07,03:45:00,West,Single Vehicle,Minor,Motorcycle
2025-10-07,20:30:00,East,Collision,Moderate,Car
2025-10-07,10:49:00,Highway,Hit-and-run,Minor,Auto
2025-10-07,02:56:00,Central,Rear-end,Minor,Auto
2025-10-08,12:28:00,Industrial,Collision,Moderate,Motorcycle
2025-10-08,16:47:00,Industrial,Pedestrian,Moderate,Car
2025-10-08,21:08:00,Industrial,Collision,Minor,Auto
2025-10-08,21:14:00,Suburban,Collision,Minor,Car
2025-10-08,09:29:00,Highway,Pedestrian,Fatal,Car
2025-10-08,20:25:00,Central,Hit-and-run,Severe,Car
2025-10-08,11:09:00,East,Single Vehicle,Severe,Car
2025-10-08,14:28:00,South,Hit-and-run,Minor,Bus
2025-10-08,20:53:00,South,Pedestrian,Moderate,Motorcycle
2025-10-08,09:15:00,East,Pedestrian,Minor,Bicycle
2025-10-08,13:35:00,South,Collision,Minor,Car
2025-10-08,12:19:00,East,Pedestrian,Minor,Motorcycle
2025-10-08,04:44:00,Suburban,Rear-end,Moderate,Bicycle
2025-10-08,05:53:00,Central,Collision,Minor,Auto
2025-10-09,23:36:00,Suburban,Rear-end,Severe,Truck
2025-10-09,01:21:00,East,Collision,Minor,Car
2025-10-09,21:06:00,West,Hit-and-run,Minor,Bus
2025-10-09,16:22:00,Highway,Rear-end,Minor,Car
2025-10-09,03:40:00,South,Single Vehicle,Minor,Motorcycle
2025-10-09,13:39:00,East,Collision,Minor,Motorcycle
2025-10-09,09:28:00,Unknown,Rear-end,Minor,Motorcycle
2025-10-09,02:15:00,South,Collision,Minor,Truck
2025-10-09,02:37:00,Suburban,Rear-end,Minor,Truck
2025-10-09,14:27:00,Highway,Hit-and-run,Moderate,Car
2025-10-09,05:47:00,Central,Hit-and-run,Minor,Motorcycle
2025-10-09,16:37:00,Central,Pedestrian,Moderate,Truck
2025-10-09,11:30:00,East,Single Vehicle,Moderate,Car
2025-10-09,21:13:00,Central,Collision,Minor,Car
2025-10-10,19:52:00,West,Collision,Severe,Car
2025-10-10,23:32:00,Central,Hit-and-run,Moderate,Car
2025-10-10,10:56:00,East,Rear-end,Minor,Bicycle
2025-10-10,03:08:00,Central,Collision,Severe,Car
2025-10-10,05:56:00,South,Rear-end,Severe,Motorcycle
2025-10-10,00:26:00,Industrial,Rear-end,Fatal,Bus
2025-10-10,19:23:00,East,Rear-end,Moderate,Car
2025-10-10,22:12:00,Suburban,Pedestrian,Minor,Auto
2025-10-10,15:25:00,Highway,Rear-end,Minor,Car
2025-10-10,14:28:00,South,Collision,Moderate,Auto
2025-10-10,16:50:00,Central,Collision,Fatal,Car
2025-10-10,07:48:00,Highway,Single Vehicle,Moderate,Car
2025-10-10,11:42:00,Suburban,Single Vehicle,Severe,Car
2025-10-10,21:27:00,Highway,Hit-and-run,Minor,Car
2025-10-10,20:27:00,Central,Collision,Minor,Auto
2025-10-11,09:07:00,Suburban,Single Vehicle,Severe,Car
2025-10-11,14:22:00,North,Hit-and-run,Moderate,Truck
2025-10-11,08:28:00,Industrial,Single Vehicle,Fatal,Car
2025-10-11,01:04:00,Highway,Pedestrian,Moderate,Auto
2025-10-11,04:41:00,North,Collision,Minor,Bus
2025-10-11,05:06:00,Highway,Rear-end,Moderate,Motorcycle
2025-10-11,06:41:00,South,Collision,Severe,Car
2025-10-11,20:35:00,Suburban,Collision,Moderate,Truck
2025-10-11,00:40:00,North,Pedestrian,Minor,Car
2025-10-11,22:26:00,Suburban,Single Vehicle,Minor,Car
2025-10-11,06:57:00,Central,Hit-and-run,Moderate,Truck
2025-10-11,19:45:00,Industrial,Rear-end,Minor,Bicycle
2025-10-11,11:01:00,East,Collision,Moderate,Auto
2025-10-11,15:24:00,East,Collision,Minor,Motorcycle
2025-10-12,15:08:00,North,Collision,Minor,Motorcycle
2025-10-12,10:52:00,Industrial,Rear-end,Severe,Bicycle
2025-10-12,20:26:00,North,Rear-end,Minor,Motorcycle
2025-10-12,03:00:00,West,Collision,Severe,Motorcycle
2025-10-12,12:22:00,North,Single Vehicle,Minor,Auto
2025-10-12,06:09:00,Suburban,Collision,Fatal,Car
2025-10-12,03:41:00,Central,Single Vehicle,Minor,Car
2025-10-12,14:51:00,North,Rear-end,Minor,Truck
2025-10-12,18:24:00,North,Collision,Severe,Car
2025-10-12,08:53:00,South,Pedestrian,Moderate,Car
2025-10-12,10:02:00,North,Hit-and-run,Minor,Motorcycle
2025-10-12,07:05:00,East,Rear-end,Fatal,Motorcycle
2025-10-12,00:57:00,Highway,Rear-end,Moderate,Bicycle
2025-10-12,22:05:00,Industrial,Collision,Fatal,Car
2025-10-13,23:52:00,West,Hit-and-run,Moderate,Car
2025-10-13,07:01:00,Central,Single Vehicle,Minor,Car
2025-10-13,12:57:00,Industrial,Collision,Minor,Motorcycle
2025-10-13,21:57:00,Central,Collision,Minor,Truck
2025-10-13,03:17:00,Highway,Single Vehicle,Moderate,Motorcycle
2025-10-13,07:22:00,North,Collision,Minor,Car
2025-10-13,02:01:00,South,Hit-and-run,Minor,Truck
2025-10-13,08:11:00,South,Rear-end,Minor,Motorcycle
2025-10-13,01:21:00,Highway,Rear-end,Minor,Car
2025-10-13,01:36:00,Central,Rear-end,Severe,Car
2025-10-13,12:19:00,West,Collision,Moderate,Motorcycle
2025-10-13,14:38:00,Central,Collision,Moderate,Bicycle
2025-10-13,22:23:00,Industrial,Pedestrian,Fatal,Auto
2025-10-13,11:47:00,Highway,Pedestrian,Moderate,Truck
2025-10-14,03:19:00,East,Hit-and-run,Fatal,Auto
2025-10-14,07:00:00,East,Hit-and-run,Minor,Truck
2025-10-14,08:00:00,Suburban,Collision,Minor,Auto
2025-10-14,22:16:00,East,Collision,Minor,Car
2025-10-14,04:58:00,East,Pedestrian,Minor,Motorcycle
2025-10-14,23:00:00,West,Rear-end,Severe,Bus
2025-10-14,19:52:00,Industrial,Collision,Moderate,Motorcycle
2025-10-14,17:51:00,Central,Collision,Minor,Car
2025-10-14,10:44:00,Highway,Collision,Moderate,Car
2025-10-14,14:29:00,East,Collision,Moderate,Unknown
2025-10-14,21:40:00,Central,Pedestrian,Minor,Car
2025-10-14,08:46:00,Highway,Single Vehicle,Moderate,Car
2025-10-14,16:02:00,South,Single Vehicle,Severe,Motorcycle
2025-10-14,11:45:00,Central,Single Vehicle,Severe,Auto
2025-10-14,06:54:00,West,Single Vehicle,Moderate,Bus
2025-10-15,09:10:00,Highway,Rear-end,Minor,Auto
2025-10-15,09:23:00,Highway,Collision,Minor,Auto
2025-10-15,12:21:00,Suburban,Pedestrian,Minor,Car
2025-10-15,18:43:00,Highway,Collision,Moderate,Car
2025-10-15,10:44:00,Central,Collision,Minor,Car
2025-10-15,12:25:00,South,Collision,Minor,Auto
2025-10-15,20:12:00,Highway,Rear-end,Severe,Car
2025-10-15,07:00:00,South,Collision,Severe,Bus
2025-10-15,07:23:00,West,Collision,Moderate,Car
2025-10-15,03:09:00,West,Rear-end,Minor,Auto
2025-10-15,14:34:00,South,Single Vehicle,Minor,Car
2025-10-15,10:23:00,Highway,Rear-end,Minor,Bus
2025-10-15,10:27:00,East,Single Vehicle,Moderate,Car
2025-10-15,00:35:00,East,Collision,Minor,Car
2025-10-16,16:15:00,Suburban,Collision,Severe,Motorcycle
2025-10-16,14:39:00,East,Rear-end,Fatal,Bicycle
2025-10-16,19:15:00,Central,Rear-end,Minor,Motorcycle
2025-10-16,05:58:00,East,Hit-and-run,Minor,Auto
2025-10-16,23:16:00,Highway,Pedestrian,Moderate,Bus
2025-10-16,21:50:00,Highway,Pedestrian,Severe,Bus
2025-10-16,14:53:00,Highway,Single Vehicle,Severe,Motorcycle
2025-10-16,08:14:00,Industrial,Rear-end,Minor,Car
2025-10-16,13:15:00,North,Collision,Minor,Car
2025-10-16,17:14:00,Highway,Rear-end,Moderate,Bicycle
2025-10-16,16:56:00,Highway,Collision,Moderate,Bicycle
2025-10-16,17:33:00,North,Collision,Minor,Bus
2025-10-16,04:10:00,Central,Collision,Moderate,Car
2025-10-16,19:00:00,Suburban,Rear-end,Moderate,Car
2025-10-17,19:14:00,Highway,Collision,Minor,Bicycle
2025-10-17,08:25:00,Highway,Collision,Severe,Car
2025-10-17,10:50:00,Highway,Hit-and-run,Minor,Auto
2025-10-17,23:03:00,West,Rear-end,Moderate,Car
2025-10-17,21:42:00,West,Hit-and-run,Moderate,Car
2025-10-17,00:04:00,West,Hit-and-run,Minor,Auto
2025-10-17,17:34:00,Central,Collision,Moderate,Car
2025-10-17,05:12:00,Industrial,Collision,Moderate,Car
2025-10-17,01:09:00,East,Collision,Severe,Bicycle
2025-10-17,14:10:00,West,Single Vehicle,Minor,Truck
2025-10-17,20:17:00,East,Pedestrian,Moderate,Bus
2025-10-17,13:33:00,East,Collision,Moderate,Bus
2025-10-17,04:38:00,Central,Collision,Moderate,Car
2025-10-17,05:40:00,North,Single Vehicle,Severe,Car
2025-10-17,05:41:00,Central,Rear-end,Minor,Motorcycle
2025-10-18,21:49:00,North,Pedestrian,Minor,Car
2025-10-18,17:22:00,Suburban,Collision,Moderate,Car
2025-10-18,13:06:00,Central,Collision,Minor,Bus
2025-10-18,09:58:00,North,Pedestrian,Severe,Car
2025-10-18,13:38:00,West,Hit-and-run,Moderate,Truck
2025-10-18,12:02:00,West,Hit-and-run,Minor,Car
2025-10-18,02:11:00,Central,Rear-end,Severe,Car
2025-10-18,05:06:00,Highway,Rear-end,Minor,Car
2025-10-18,07:48:00,Highway,Hit-and-run,Moderate,Auto
2025-10-18,11:25:00,North,Collision,Minor,Car
2025-10-18,12:32:00,North,Collision,Minor,Motorcycle
2025-10-18,10:36:00,Suburban,Single Vehicle,Minor,Truck
2025-10-18,11:47:00,Highway,Collision,Moderate,Car
2025-10-18,00:14:00,Industrial,Rear-end,Minor,Motorcycle
2025-10-19,16:01:00,Central,Hit-and-run,Minor,Auto
2025-10-19,15:40:00,South,Single Vehicle,Minor,Motorcycle
2025-10-19,10:06:00,West,Rear-end,Minor,Car
2025-10-19,12:31:00,North,Rear-end,Severe,Truck
2025-10-19,17:03:00,East,Single Vehicle,Minor,Motorcycle
2025-10-19,10:19:00,West,Pedestrian,Severe,Car
2025-10-19,11:49:00,South,Hit-and-run,Moderate,Car
2025-10-19,05:52:00,Highway,Rear-end,Moderate,Car
2025-10-19,08:35:00,Highway,Collision,Minor,Car
2025-10-19,15:31:00,South,Rear-end,Fatal,Car
2025-10-19,03:27:00,Highway,Single Vehicle,Minor,Motorcycle
2025-10-19,02:12:00,Central,Single Vehicle,Moderate,Car
2025-10-19,15:00:00,Highway,Collision,Fatal,Auto
2025-10-19,23:59:00,Central,Rear-end,Severe,Motorcycle
2025-10-20,11:55:00,Central,Rear-end,Moderate,Auto
2025-10-20,10:34:00,West,Single Vehicle,Fatal,Motorcycle
2025-10-20,04:47:00,East,Hit-and-run,Moderate,Car
2025-10-20,17:29:00,Highway,Rear-end,Minor,Motorcycle
2025-10-20,18:53:00,South,Collision,Minor,Auto
2025-10-20,22:35:00,North,Rear-end,Minor,Car
2025-10-20,22:56:00,East,Collision,Minor,Car
2025-10-20,05:54:00,East,Pedestrian,Moderate,Car
2025-10-20,21:24:00,South,Pedestrian,Moderate,Car
2025-10-20,17:15:00,Industrial,Rear-end,Minor,Car
2025-10-20,05:57:00,Industrial,Rear-end,Severe,Car
2025-10-20,03:18:00,Highway,Single Vehicle,Minor,Car
2025-10-20,11:00:00,Suburban,Collision,Fatal,Truck
2025-10-20,18:04:00,North,Collision,Fatal,Car
2025-10-21,01:50:00,Industrial,Single Vehicle,Severe,Truck
2025-10-21,16:21:00,South,Pedestrian,Severe,Motorcycle
2025-10-21,10:23:00,Industrial,Pedestrian,Minor,Motorcycle
2025-10-21,10:42:00,East,Collision,Moderate,Car
2025-10-21,20:44:00,Suburban,Collision,Minor,Motorcycle
2025-10-21,15:51:00,Industrial,Collision,Minor,Car
2025-10-21,01:36:00,Suburban,Collision,Moderate,Motorcycle
2025-10-21,01:52:00,Highway,Pedestrian,Minor,Motorcycle
2025-10-21,22:35:00,Highway,Collision,Fatal,Car
2025-10-21,07:35:00,Highway,Hit-and-run,Severe,Car
2025-10-21,12:03:00,Unknown,Collision,Minor,Car
2025-10-21,09:35:00,North,Rear-end,Moderate,Car
2025-10-21,07:51:00,South,Single Vehicle,Minor,Car
2025-10-21,03:52:00,Central,Collision,Severe,Bicycle
2025-10-21,14:17:00,East,Collision,Moderate,Car
2025-10-22,00:49:00,East,Collision,Minor,Motorcycle
2025-10-22,10:15:00,East,Collision,Minor,Truck
2025-10-22,06:40:00,Suburban,Rear-end,Minor,Truck
2025-10-22,16:17:00,Suburban,Collision,Fatal,Auto
2025-10-22,19:21:00,Central,Hit-and-run,Minor,Auto
2025-10-22,23:01:00,South,Pedestrian,Minor,Bus
2025-10-22,17:20:00,East,Rear-end,Severe,Bicycle
2025-10-22,21:35:00,South,Collision,Severe,Car
2025-10-22,21:43:00,Highway,Rear-end,Severe,Motorcycle
2025-10-22,11:38:00,East,Collision,Moderate,Auto
2025-10-22,08:46:00,West,Rear-end,Moderate,Truck
2025-10-22,04:38:00,Highway,Hit-and-run,Moderate,Bicycle
2025-10-22,09:28:00,Highway,Collision,Minor,Car
2025-10-22,03:53:00,Central,Pedestrian,Moderate,Motorcycle
2025-10-23,04:25:00,Industrial,Single Vehicle,Minor,Bicycle
2025-10-23,09:20:00,East,Pedestrian,Minor,Car
2025-10-23,10:16:00,South,Collision,Severe,Truck
2025-10-23,20:15:00,Central,Rear-end,Minor,Car
2025-10-23,23:59:00,East,Single Vehicle,Severe,Truck
2025-10-23,09:30:00,South,Collision,Minor,Auto
2025-10-23,07:50:00,North,Pedestrian,Minor,Car
2025-10-23,01:08:00,Industrial,Collision,Moderate,Car
2025-10-23,22:30:00,Highway,Collision,Moderate,Car
2025-10-23,07:13:00,North,Pedestrian,Moderate,Auto
2025-10-23,15:48:00,Central,Pedestrian,Severe,Truck
2025-10-23,21:36:00,Highway,Pedestrian,Minor,Car
2025-10-23,04:01:00,Central,Single Vehicle,Severe,Car
2025-10-23,02:51:00,Suburban,Collision,Minor,Bus
2025-10-24,11:47:00,West,Collision,Severe,Bus
2025-10-24,12:45:00,South,Single Vehicle,Minor,Car
2025-10-24,12:13:00,North,Collision,Severe,Car
2025-10-24,09:58:00,Central,Hit-and-run,Moderate,Bus
2025-10-24,03:32:00,North,Rear-end,Minor,Motorcycle
2025-10-24,08:34:00,Central,Collision,Severe,Bicycle
2025-10-24,21:57:00,West,Collision,Minor,Motorcycle
2025-10-24,23:38:00,Central,Rear-end,Minor,Truck
2025-10-24,22:57:00,East,Single Vehicle,Severe,Motorcycle
2025-10-24,01:46:00,West,Hit-and-run,Minor,Auto
2025-10-24,18:50:00,South,Hit-and-run,Minor,Car
2025-10-24,00:19:00,Central,Rear-end,Moderate,Car
2025-10-24,06:01:00,Central,Collision,Severe,Car
2025-10-24,16:50:00,Central,Collision,Minor,Auto
2025-10-24,02:40:00,Industrial,Rear-end,Moderate,Motorcycle
2025-10-25,19:18:00,South,Collision,Moderate,Car
2025-10-25,19:58:00,Highway,Collision,Severe,Motorcycle
2025-10-25,20:36:00,East,Rear-end,Severe,Car
2025-10-25,02:17:00,East,Rear-end,Moderate,Car
2025-10-25,02:15:00,East,Collision,Moderate,Car
2025-10-25,16:03:00,Industrial,Rear-end,Minor,Motorcycle
2025-10-25,06:11:00,North,Rear-end,Minor,Truck
2025-10-25,13:28:00,Central,Collision,Moderate,Auto
2025-10-25,16:06:00,West,Single Vehicle,Fatal,Auto
2025-10-25,17:13:00,South,Collision,Moderate,Car
2025-10-25,12:54:00,East,Single Vehicle,Minor,Bus
2025-10-25,19:11:00,West,Collision,Moderate,Car
2025-10-25,19:34:00,East,Single Vehicle,Moderate,Car
2025-10-25,20:04:00,West,Collision,Moderate,Car
2025-10-26,17:16:00,West,Pedestrian,Moderate,Motorcycle
2025-10-26,03:57:00,Industrial,Collision,Moderate,Car
2025-10-26,00:41:00,Industrial,Hit-and-run,Minor,Car
2025-10-26,17:31:00,East,Rear-end,Severe,Truck
2025-10-26,00:09:00,Industrial,Collision,Moderate,Car
2025-10-26,12:42:00,Highway,Pedestrian,Minor,Motorcycle
2025-10-26,19:16:00,East,Collision,Minor,Car
2025-10-26,19:04:00,South,Single Vehicle,Severe,Car
2025-10-26,22:44:00,Highway,Collision,Severe,Car
2025-10-26,09:41:00,West,Rear-end,Minor,Car
2025-10-26,10:08:00,Central,Hit-and-run,Minor,Car
2025-10-26,08:48:00,Highway,Rear-end,Minor,Motorcycle
2025-10-26,08:32:00,Central,Collision,Minor,Bus
2025-10-26,04:35:00,Industrial,Pedestrian,Moderate,Car
2025-10-27,00:35:00,Industrial,Pedestrian,Moderate,Car
2025-10-27,16:17:00,Suburban,Single Vehicle,Moderate,Bus
2025-10-27,21:08:00,Central,Collision,Moderate,Car
2025-10-27,01:56:00,Unknown,Rear-end,Minor,Car
2025-10-27,23:28:00,East,Collision,Minor,Motorcycle
2025-10-27,12:49:00,South,Collision,Minor,Truck
2025-10-27,08:13:00,Central,Pedestrian,Minor,Motorcycle
2025-10-27,03:24:00,West,Collision,Minor,Truck
2025-10-27,04:14:00,East,Rear-end,Moderate,Car
2025-10-27,10:05:00,Central,Rear-end,Severe,Motorcycle
2025-10-27,23:55:00,West,Hit-and-run,Moderate,Car
2025-10-27,18:41:00,Industrial,Single Vehicle,Severe,Bus
2025-10-27,20:28:00,Highway,Hit-and-run,Moderate,Auto
2025-10-27,02:14:00,Highway,Rear-end,Moderate,Car
2025-10-28,11:28:00,South,Pedestrian,Minor,Car
2025-10-28,18:03:00,Suburban,Hit-and-run,Fatal,Car
2025-10-28,18:17:00,Highway,Collision,Minor,Car
2025-10-28,12:49:00,South,Collision,Minor,Car
2025-10-28,06:56:00,Central,Collision,Minor,Motorcycle
2025-10-28,14:48:00,East,Rear-end,Fatal,Bicycle
2025-10-28,22:43:00,Unknown,Pedestrian,Fatal,Car
2025-10-28,06:38:00,West,Collision,Severe,Car
2025-10-28,07:15:00,West,Rear-end,Moderate,Car
2025-10-28,04:10:00,Industrial,Single Vehicle,Moderate,Car
2025-10-28,20:13:00,East,Pedestrian,Fatal,Car
2025-10-28,13:02:00,Central,Hit-and-run,Moderate,Bus
2025-10-28,03:50:00,Highway,Collision,Severe,Car
2025-10-28,22:49:00,South,Collision,Minor,Bicycle
2025-10-28,09:41:00,Suburban,Collision,Minor,Motorcycle
2025-10-29,19:37:00,Central,Collision,Severe,Motorcycle
2025-10-29,14:44:00,Suburban,Collision,Minor,Car
2025-10-29,17:41:00,Central,Rear-end,Severe,Truck
2025-10-29,19:17:00,North,Collision,Moderate,Motorcycle
2025-10-29,12:57:00,Central,Collision,Severe,Car
2025-10-29,07:19:00,Industrial,Collision,Minor,Car
2025-10-29,08:57:00,Highway,Hit-and-run,Moderate,Auto
2025-10-29,15:47:00,East,Rear-end,Moderate,Car
2025-10-29,18:24:00,Suburban,Rear-end,Moderate,Motorcycle
2025-10-29,15:56:00,West,Collision,Moderate,Car
2025-10-29,06:37:00,West,Collision,Fatal,Car
2025-10-29,13:12:00,Highway,Collision,Moderate,Car
2025-10-29,13:03:00,South,Collision,Minor,Car
2025-10-29,03:54:00,South,Single Vehicle,Severe,Truck
2025-10-30,14:13:00,Highway,Single Vehicle,Minor,Car
2025-10-30,02:32:00,Highway,Hit-and-run,Minor,Bus
2025-10-30,04:27:00,Suburban,Single Vehicle,Minor,Truck
2025-10-30,00:51:00,Highway,Hit-and-run,Severe,Car
2025-10-30,02:36:00,Central,Collision,Minor,Motorcycle
2025-10-30,14:07:00,Highway,Single Vehicle,Minor,Bus
2025-10-30,23:43:00,South,Collision,Severe,Truck
2025-10-30,07:33:00,Suburban,Hit-and-run,Severe,Motorcycle
2025-10-30,03:43:00,East,Collision,Minor,Truck
2025-10-30,01:04:00,West,Rear-end,Moderate,Car
2025-10-30,23:53:00,East,Hit-and-run,Severe,Truck
2025-10-30,23:04:00,South,Rear-end,Minor,Car
2025-10-30,09:30:00,Central,Collision,Severe,Motorcycle
2025-10-30,03:44:00,Highway,Collision,Moderate,Car
2025-10-31,02:08:00,Highway,Collision,Moderate,Auto
2025-10-31,01:41:00,Central,Single Vehicle,Moderate,Motorcycle
2025-10-31,16:31:00,Highway,Pedestrian,Moderate,Truck
2025-10-31,22:32:00,West,Rear-end,Minor,Bus
2025-10-31,20:02:00,South,Collision,Moderate,Auto
2025-10-31,23:29:00,North,Pedestrian,Minor,Truck
2025-10-31,19:49:00,Highway,Collision,Minor,Car
2025-10-31,22:11:00,Industrial,Collision,Minor,Auto
2025-10-31,12:28:00,West,Collision,Severe,Motorcycle
2025-10-31,04:02:00,West,Single Vehicle,Minor,Motorcycle
2025-10-31,20:25:00,Central,Collision,Minor,Auto
2025-10-31,08:56:00,East,Collision,Minor,Car
2025-10-31,21:29:00,North,Rear-end,Moderate,Car
2025-10-31,05:08:00,North,Collision,Moderate,Motorcycle
2025-10-31,04:25:00,Industrial,Rear-end,Moderate,Bus
2025-11-01,09:01:00,Suburban,Rear-end,Minor,Motorcycle
2025-11-01,07:02:00,South,Rear-end,Minor,Truck
2025-11-01,06:45:00,North,Collision,Moderate,Motorcycle
2025-11-01,06:03:00,West,Collision,Severe,Motorcycle
2025-11-01,05:24:00,Highway,Pedestrian,Minor,Auto
2025-11-01,20:50:00,Industrial,Single Vehicle,Minor,Car
2025-11-01,19:12:00,Highway,Collision,Minor,Truck
2025-11-01,02:38:00,East,Collision,Moderate,Bus
2025-11-01,18:43:00,Industrial,Collision,Minor,Motorcycle
2025-11-01,21:34:00,Central,Rear-end,Severe,Car
2025-11-01,14:54:00,South,Hit-and-run,Minor,Car
2025-11-01,03:22:00,South,Collision,Minor,Bus
2025-11-01,11:08:00,East,Hit-and-run,Minor,Car
2025-11-01,05:01:00,Suburban,Hit-and-run,Moderate,Car
2025-11-02,18:53:00,Highway,Single Vehicle,Moderate,Car
2025-11-02,03:40:00,Central,Collision,Minor,Motorcycle
2025-11-02,14:43:00,Central,Collision,Severe,Truck
2025-11-02,08:30:00,South,Collision,Minor,Bus
2025-11-02,04:43:00,South,Single Vehicle,Moderate,Car
2025-11-02,12:46:00,West,Pedestrian,Moderate,Truck
2025-11-02,22:01:00,Highway,Rear-end,Minor,Truck
2025-11-02,17:31:00,Suburban,Collision,Severe,Car
2025-11-02,04:17:00,West,Collision,Severe,Car
2025-11-02,15:12:00,Highway,Collision,Minor,Auto
2025-11-02,18:45:00,East,Rear-end,Moderate,Truck
2025-11-02,13:04:00,North,Collision,Minor,Truck
2025-11-02,15:57:00,East,Collision,Moderate,Car
2025-11-02,14:41:00,West,Hit-and-run,Minor,Bus
2025-11-03,21:43:00,Industrial,Collision,Severe,Motorcycle
2025-11-03,03:09:00,North,Rear-end,Minor,Auto
2025-11-03,06:55:00,South,Collision,Minor,Bicycle
2025-11-03,15:42:00,South,Pedestrian,Minor,Bicycle
2025-11-03,23:24:00,Suburban,Rear-end,Minor,Auto
2025-11-03,21:33:00,East,Single Vehicle,Moderate,Car
2025-11-03,20:36:00,Industrial,Rear-end,Minor,Auto
2025-11-03,21:29:00,Industrial,Single Vehicle,Moderate,Car
2025-11-03,20:06:00,North,Single Vehicle,Minor,Auto
2025-11-03,07:05:00,West,Rear-end,Moderate,Car
2025-11-03,16:53:00,Highway,Single Vehicle,Moderate,Unknown
2025-11-03,15:54:00,East,Collision,Fatal,Car
2025-11-03,22:02:00,Suburban,Collision,Fatal,Bus
2025-11-03,09:12:00,North,Collision,Severe,Car
2025-11-04,09:02:00,Central,Rear-end,Moderate,Car
2025-11-04,01:25:00,Highway,Hit-and-run,Minor,Bus
2025-11-04,08:56:00,Highway,Pedestrian,Moderate,Truck
2025-11-04,16:23:00,Suburban,Collision,Fatal,Car
2025-11-04,10:52:00,Industrial,Rear-end,Minor,Car
2025-11-04,09:05:00,Suburban,Collision,Moderate,Car
2025-11-04,21:42:00,Highway,Hit-and-run,Minor,Truck
2025-11-04,16:59:00,Highway,Collision,Moderate,Bicycle
2025-11-04,03:57:00,West,Single Vehicle,Minor,Truck
2025-11-04,15:48:00,South,Collision,Moderate,Car
2025-11-04,19:41:00,Suburban,Collision,Moderate,Car
2025-11-04,14:11:00,East,Single Vehicle,Fatal,Bicycle
2025-11-04,20:48:00,East,Rear-end,Moderate,Car
2025-11-04,04:35:00,East,Collision,Severe,Motorcycle
2025-11-04,05:01:00,West,Rear-end,Minor,Car
2025-11-05,16:10:00,East,Collision,Minor,Bus
2025-11-05,00:38:00,Central,Single Vehicle,Minor,Auto
2025-11-05,18:33:00,Highway,Rear-end,Minor,Car
2025-11-05,03:25:00,East,Collision,Minor,Truck
2025-11-05,16:17:00,West,Rear-end,Moderate,Motorcycle
2025-11-05,08:20:00,Central,Collision,Moderate,Car
2025-11-05,23:35:00,Central,Pedestrian,Moderate,Car
2025-11-05,01:39:00,North,Single Vehicle,Minor,Motorcycle
2025-11-05,07:51:00,Unknown,Single Vehicle,Minor,Car
2025-11-05,14:45:00,Central,Collision,Moderate,Bus
2025-11-05,06:43:00,Highway,Collision,Minor,Car
2025-11-05,05:21:00,North,Collision,Minor,Car
2025-11-05,00:52:00,North,Hit-and-run,Minor,Car
2025-11-05,14:58:00,North,Rear-end,Minor,Car
2025-11-06,22:29:00,Central,Rear-end,Minor,Motorcycle
2025-11-06,06:49:00,Highway,Single Vehicle,Minor,Car
2025-11-06,16:42:00,Highway,Collision,Minor,Truck
2025-11-06,01:59:00,West,Collision,Moderate,Bicycle
2025-11-06,08:29:00,North,Collision,Minor,Bus
2025-11-06,08:07:00,North,Collision,Minor,Car
2025-11-06,12:33:00,East,Collision,Severe,Auto
2025-11-06,05:56:00,Suburban,Rear-end,Severe,Car
2025-11-06,05:46:00,North,Collision,Minor,Motorcycle
2025-11-06,19:08:00,Industrial,Collision,Severe,Motorcycle
2025-11-06,19:50:00,East,Pedestrian,Minor,Car
2025-11-06,20:19:00,South,Collision,Minor,Auto
2025-11-06,02:39:00,East,Hit-and-run,Fatal,Car
2025-11-06,16:24:00,Central,Collision,Severe,Motorcycle
2025-11-07,16:18:00,Highway,Rear-end,Minor,Car
2025-11-07,11:04:00,North,Single Vehicle,Moderate,Bus
2025-11-07,15:10:00,Industrial,Collision,Moderate,Bus
2025-11-07,14:14:00,Central,Rear-end,Minor,Car
2025-11-07,12:07:00,Suburban,Single Vehicle,Minor,Truck
2025-11-07,22:18:00,North,Rear-end,Minor,Truck
2025-11-07,00:22:00,Highway,Collision,Severe,Motorcycle
2025-11-07,16:26:00,Highway,Rear-end,Minor,Motorcycle
2025-11-07,02:39:00,Suburban,Hit-and-run,Moderate,Motorcycle
2025-11-07,14:31:00,East,Single Vehicle,Minor,Car
2025-11-07,03:25:00,Industrial,Collision,Minor,Truck
2025-11-07,03:26:00,South,Collision,Moderate,Motorcycle
2025-11-07,17:18:00,North,Collision,Moderate,Motorcycle
2025-11-07,16:49:00,East,Collision,Minor,Auto
2025-11-07,18:41:00,Central,Collision,Minor,Car
2025-11-08,10:28:00,Suburban,Collision,Moderate,Car
2025-11-08,19:38:00,Central,Collision,Minor,Car
2025-11-08,02:59:00,West,Collision,Minor,Car
2025-11-08,07:40:00,West,Single Vehicle,Moderate,Car
2025-11-08,13:32:00,East,Collision,Moderate,Bicycle
2025-11-08,00:18:00,Industrial,Collision,Minor,Car
2025-11-08,13:36:00,Unknown,Collision,Moderate,Truck
2025-11-08,01:18:00,West,Single Vehicle,Severe,Car
2025-11-08,22:32:00,North,Pedestrian,Minor,Motorcycle
2025-11-08,03:46:00,Suburban,Pedestrian,Moderate,Bicycle
2025-11-08,23:15:00,Highway,Collision,Minor,Car
2025-11-08,18:22:00,Suburban,Pedestrian,Minor,Auto
2025-11-08,05:06:00,Central,Rear-end,Minor,Bicycle
2025-11-08,00:25:00,North,Collision,Minor,Motorcycle
2025-11-09,16:31:00,North,Rear-end,Severe,Car
2025-11-09,07:11:00,Central,Pedestrian,Minor,Truck
2025-11-09,18:07:00,North,Pedestrian,Moderate,Auto
2025-11-09,20:04:00,Industrial,Single Vehicle,Minor,Car
2025-11-09,00:41:00,North,Single Vehicle,Minor,Motorcycle
2025-11-09,04:27:00,East,Collision,Moderate,Car
2025-11-09,15:52:00,Highway,Rear-end,Severe,Car
2025-11-09,05:04:00,Industrial,Collision,Severe,Auto
2025-11-09,07:48:00,South,Single Vehicle,Severe,Motorcycle
2025-11-09,12:25:00,South,Collision,Minor,Car
2025-11-09,15:04:00,East,Single Vehicle,Severe,Motorcycle
2025-11-09,02:21:00,Central,Collision,Minor,Car
2025-11-09,18:14:00,West,Collision,Moderate,Car
2025-11-09,11:12:00,South,Collision,Severe,Motorcycle
2025-11-10,15:27:00,Highway,Collision,Minor,Car
2025-11-10,10:32:00,Industrial,Single Vehicle,Minor,Car
2025-11-10,09:42:00,West,Collision,Moderate,Car
2025-11-10,19:22:00,South,Rear-end,Moderate,Motorcycle
2025-11-10,03:32:00,North,Collision,Minor,Bus
2025-11-10,11:42:00,Highway,Collision,Fatal,Auto
2025-11-10,22:17:00,East,Collision,Moderate,Car
2025-11-10,01:49:00,North,Collision,Minor,Motorcycle
2025-11-10,23:52:00,North,Single Vehicle,Minor,Auto
2025-11-10,21:29:00,Central,Rear-end,Moderate,Car
2025-11-10,18:25:00,Highway,Collision,Minor,Auto
2025-11-10,04:15:00,North,Rear-end,Minor,Auto
2025-11-10,07:12:00,East,Collision,Moderate,Car
2025-11-10,06:38:00,East,Collision,Moderate,Car
2025-11-11,13:32:00,West,Rear-end,Moderate,Car
2025-11-11,23:25:00,Highway,Collision,Minor,Car
2025-11-11,22:47:00,Highway,Hit-and-run,Moderate,Auto
2025-11-11,02:00:00,East,Rear-end,Fatal,Auto
2025-11-11,17:48:00,Central,Pedestrian,Minor,Car
2025-11-11,15:37:00,East,Single Vehicle,Moderate,Motorcycle
2025-11-11,22:01:00,West,Collision,Severe,Motorcycle
2025-11-11,18:48:00,West,Collision,Moderate,Car
2025-11-11,18:05:00,West,Collision,Moderate,Truck
2025-11-11,17:45:00,Central,Collision,Minor,Auto
2025-11-11,19:49:00,West,Pedestrian,Moderate,Car
2025-11-11,15:37:00,North,Pedestrian,Moderate,Car
2025-11-11,07:41:00,Industrial,Rear-end,Moderate,Car
2025-11-11,00:23:00,South,Rear-end,Fatal,Car
2025-11-11,16:17:00,Industrial,Collision,Minor,Car
2025-11-12,11:26:00,Central,Rear-end,Minor,Motorcycle
2025-11-12,20:40:00,South,Pedestrian,Minor,Motorcycle
2025-11-12,10:07:00,Industrial,Rear-end,Moderate,Bus
2025-11-12,04:27:00,North,Collision,Minor,Car
2025-11-12,11:09:00,Highway,Hit-and-run,Moderate,Car
2025-11-12,16:16:00,West,Collision,Minor,Auto
2025-11-12,05:54:00,West,Rear-end,Minor,Auto
2025-11-12,00:28:00,South,Rear-end,Minor,Car
2025-11-12,04:57:00,East,Rear-end,Severe,Car
2025-11-12,13:05:00,West,Hit-and-run,Moderate,Auto
2025-11-12,04:13:00,East,Single Vehicle,Severe,Car
2025-11-12,21:21:00,Industrial,Collision,Moderate,Car
2025-11-12,23:53:00,East,Single Vehicle,Minor,Motorcycle
2025-11-12,00:05:00,North,Rear-end,Minor,Car
2025-11-13,17:25:00,North,Hit-and-run,Fatal,Car
2025-11-13,15:38:00,Central,Single Vehicle,Moderate,Motorcycle
2025-11-13,08:11:00,South,Rear-end,Minor,Bus
2025-11-13,18:34:00,Industrial,Pedestrian,Moderate,Auto
2025-11-13,21:13:00,Highway,Collision,Minor,Bicycle
2025-11-13,04:21:00,North,Collision,Minor,Car
2025-11-13,01:50:00,Suburban,Hit-and-run,Minor,Car
2025-11-13,14:22:00,East,Single Vehicle,Severe,Bus
2025-11-13,06:47:00,Suburban,Single Vehicle,Minor,Motorcycle
2025-11-13,03:06:00,Industrial,Hit-and-run,Minor,Car
2025-11-13,00:39:00,Industrial,Rear-end,Minor,Car
2025-11-13,12:49:00,Central,Collision,Minor,Car
2025-11-13,19:24:00,North,Single Vehicle,Moderate,Motorcycle
2025-11-13,21:12:00,Central,Collision,Minor,Car
2025-11-14,06:20:00,Industrial,Pedestrian,Minor,Bicycle
2025-11-14,14:40:00,South,Rear-end,Severe,Car
2025-11-14,22:09:00,Highway,Rear-end,Minor,Bicycle
2025-11-14,13:52:00,South,Rear-end,Minor,Auto
2025-11-14,22:54:00,Highway,Single Vehicle,Minor,Motorcycle
2025-11-14,18:58:00,Central,Rear-end,Moderate,Truck
2025-11-14,21:08:00,Central,Single Vehicle,Severe,Truck
2025-11-14,23:14:00,South,Collision,Minor,Car
2025-11-14,19:51:00,South,Rear-end,Severe,Car
2025-11-14,23:01:00,South,Hit-and-run,Moderate,Motorcycle
2025-11-14,17:24:00,Highway,Pedestrian,Moderate,Truck
2025-11-14,09:12:00,Central,Single Vehicle,Minor,Motorcycle
2025-11-14,08:33:00,South,Collision,Minor,Motorcycle
2025-11-14,07:50:00,Highway,Collision,Moderate,Motorcycle
2025-11-15,09:57:00,Central,Rear-end,Severe,Motorcycle
2025-11-15,16:33:00,Suburban,Collision,Moderate,Motorcycle
2025-11-15,01:34:00,Suburban,Single Vehicle,Minor,Motorcycle
2025-11-15,05:37:00,Central,Collision,Minor,Auto
2025-11-15,04:02:00,South,Rear-end,Moderate,Truck
2025-11-15,08:41:00,South,Collision,Moderate,Truck
2025-11-15,04:55:00,Highway,Rear-end,Minor,Motorcycle
2025-11-15,17:58:00,West,Collision,Minor,Truck
2025-11-15,19:05:00,West,Collision,Minor,Motorcycle
2025-11-15,08:54:00,Industrial,Collision,Moderate,Car
2025-11-15,16:47:00,Central,Rear-end,Moderate,Bicycle
2025-11-15,16:48:00,Highway,Single Vehicle,Severe,Car
2025-11-15,11:18:00,Industrial,Collision,Moderate,Car
2025-11-15,06:02:00,West,Rear-end,Minor,Car
2025-11-15,02:17:00,Highway,Single Vehicle,Moderate,Car
2025-11-16,09:38:00,Industrial,Pedestrian,Fatal,Bus
2025-11-16,01:08:00,North,Single Vehicle,Severe,Motorcycle
2025-11-16,02:51:00,East,Single Vehicle,Severe,Bus
2025-11-16,15:11:00,East,Rear-end,Minor,Car
2025-11-16,01:04:00,Central,Hit-and-run,Moderate,Car
2025-11-16,23:02:00,Suburban,Collision,Severe,Car
2025-11-16,09:10:00,Central,Rear-end,Moderate,Motorcycle
2025-11-16,05:56:00,Industrial,Pedestrian,Minor,Bus
2025-11-16,21:29:00,East,Rear-end,Fatal,Motorcycle
2025-11-16,10:03:00,Central,Hit-and-run,Minor,Car
2025-11-16,22:04:00,Suburban,Pedestrian,Minor,Bicycle
2025-11-16,06:00:00,Highway,Collision,Minor,Car
2025-11-16,14:26:00,East,Single Vehicle,Moderate,Motorcycle
2025-11-16,05:27:00,North,Rear-end,Minor,Car
2025-11-17,19:28:00,Central,Collision,Minor,Car
2025-11-17,08:17:00,South,Single Vehicle,Moderate,Car
2025-11-17,21:11:00,North,Rear-end,Severe,Car
2025-11-17,19:12:00,East,Pedestrian,Moderate,Auto
2025-11-17,11:40:00,Suburban,Rear-end,Minor,Motorcycle
2025-11-17,18:01:00,West,Rear-end,Moderate,Bus
2025-11-17,19:36:00,Highway,Pedestrian,Minor,Motorcycle
2025-11-17,02:44:00,West,Rear-end,Minor,Motorcycle
2025-11-17,14:15:00,East,Rear-end,Minor,Truck
2025-11-17,01:47:00,Highway,Collision,Severe,Auto
2025-11-17,20:23:00,East,Single Vehicle,Minor,Car
2025-11-17,01:34:00,Highway,Collision,Minor,Car
2025-11-17,21:21:00,South,Single Vehicle,Minor,Truck
2025-11-17,02:35:00,Central,Collision,Moderate,Bicycle
2025-11-18,05:10:00,Highway,Hit-and-run,Severe,Bicycle
2025-11-18,14:54:00,West,Single Vehicle,Severe,Truck
2025-11-18,09:57:00,Highway,Collision,Minor,Car
2025-11-18,08:45:00,Suburban,Rear-end,Minor,Car
2025-11-18,00:28:00,Central,Pedestrian,Minor,Auto
2025-11-18,15:34:00,East,Pedestrian,Moderate,Motorcycle
2025-11-18,05:47:00,South,Rear-end,Minor,Car
2025-11-18,08:53:00,West,Hit-and-run,Minor,Auto
2025-11-18,03:14:00,Highway,Pedestrian,Moderate,Car
2025-11-18,01:59:00,North,Single Vehicle,Minor,Truck
2025-11-18,03:30:00,West,Pedestrian,Minor,Truck
2025-11-18,00:41:00,Industrial,Collision,Minor,Car
2025-11-18,18:40:00,Central,Single Vehicle,Minor,Car
2025-11-18,09:42:00,Highway,Rear-end,Moderate,Car
2025-11-18,20:15:00,West,Collision,Fatal,Motorcycle
2025-11-19,14:09:00,Suburban,Collision,Minor,Motorcycle
2025-11-19,21:48:00,South,Collision,Minor,Car
2025-11-19,18:31:00,Central,Collision,Severe,Bicycle
2025-11-19,15:50:00,East,Collision,Severe,Car
2025-11-19,20:01:00,Central,Collision,Minor,Car
2025-11-19,23:23:00,Suburban,Hit-and-run,Moderate,Car
2025-11-19,21:22:00,Central,Collision,Minor,Car
2025-11-19,03:01:00,Industrial,Collision,Moderate,Bicycle
2025-11-19,01:37:00,East,Collision,Fatal,Car
2025-11-19,12:30:00,South,Collision,Moderate,Car
2025-11-19,00:50:00,Central,Collision,Moderate,Auto
2025-11-19,16:39:00,West,Rear-end,Minor,Truck
2025-11-19,12:25:00,West,Single Vehicle,Moderate,Car
2025-11-19,03:28:00,North,Single Vehicle,Moderate,Auto
2025-11-20,06:02:00,Suburban,Single Vehicle,Moderate,Bus
2025-11-20,16:57:00,Unknown,Collision,Minor,Car
2025-11-20,08:13:00,East,Collision,Moderate,Truck
2025-11-20,03:24:00,West,Collision,Moderate,Auto
2025-11-20,18:47:00,Central,Pedestrian,Minor,Motorcycle
2025-11-20,00:00:00,Suburban,Collision,Minor,Truck
2025-11-20,09:52:00,South,Rear-end,Minor,Bicycle
2025-11-20,03:02:00,Central,Collision,Moderate,Truck
2025-11-20,08:53:00,South,Collision,Moderate,Car
2025-11-20,12:25:00,West,Single Vehicle,Severe,Car
2025-11-20,13:17:00,East,Pedestrian,Minor,Motorcycle
2025-11-20,09:08:00,Industrial,Pedestrian,Severe,Car
2025-11-20,05:37:00,Central,Rear-end,Moderate,Bicycle
2025-11-20,15:22:00,North,Single Vehicle,Minor,Car
2025-11-21,05:20:00,Highway,Hit-and-run,Minor,Motorcycle
2025-11-21,16:56:00,Central,Single Vehicle,Minor,Truck
2025-11-21,09:00:00,Highway,Collision,Fatal,Motorcycle
2025-11-21,17:20:00,Central,Rear-end,Minor,Car
2025-11-21,21:26:00,Highway,Hit-and-run,Minor,Car
2025-11-21,17:41:00,South,Rear-end,Minor,Motorcycle
2025-11-21,02:58:00,West,Single Vehicle,Severe,Auto
2025-11-21,19:05:00,Central,Single Vehicle,Minor,Truck
2025-11-21,20:54:00,Central,Rear-end,Minor,Car
2025-11-21,14:43:00,North,Rear-end,Minor,Car
2025-11-21,14:35:00,Central,Rear-end,Minor,Bus
2025-11-21,03:27:00,South,Single Vehicle,Minor,Auto
2025-11-21,08:44:00,East,Hit-and-run,Moderate,Car
2025-11-21,18:16:00,West,Collision,Severe,Truck
2025-11-22,23:58:00,Highway,Rear-end,Severe,Car
2025-11-22,16:39:00,West,Collision,Severe,Motorcycle
2025-11-22,10:57:00,West,Pedestrian,Minor,Auto
2025-11-22,08:51:00,South,Collision,Severe,Car
2025-11-22,09:02:00,East,Rear-end,Minor,Motorcycle
2025-11-22,17:11:00,South,Pedestrian,Minor,Car
2025-11-22,19:38:00,Highway,Collision,Severe,Car
2025-11-22,12:11:00,North,Collision,Severe,Truck
2025-11-22,07:01:00,Central,Rear-end,Moderate,Car
2025-11-22,06:55:00,West,Collision,Severe,Motorcycle
2025-11-22,16:45:00,North,Collision,Fatal,Car
2025-11-22,20:21:00,Highway,Single Vehicle,Moderate,Truck
2025-11-22,22:22:00,Highway,Pedestrian,Moderate,Car
2025-11-22,14:29:00,Central,Single Vehicle,Moderate,Truck
2025-11-22,19:04:00,Central,Single Vehicle,Minor,Truck
2025-11-23,14:08:00,East,Collision,Minor,Bicycle
2025-11-23,00:20:00,West,Collision,Moderate,Auto
2025-11-23,13:10:00,North,Collision,Minor,Car
2025-11-23,04:04:00,Industrial,Pedestrian,Minor,Car
2025-11-23,10:34:00,West,Hit-and-run,Minor,Truck
2025-11-23,15:26:00,South,Collision,Minor,Motorcycle
2025-11-23,01:48:00,Central,Collision,Fatal,Car
2025-11-23,07:01:00,Industrial,Rear-end,Moderate,Car
2025-11-23,10:23:00,North,Rear-end,Moderate,Motorcycle
2025-11-23,17:30:00,Highway,Single Vehicle,Fatal,Auto
2025-11-23,02:32:00,East,Rear-end,Severe,Auto
2025-11-23,00:38:00,West,Single Vehicle,Moderate,Car
2025-11-23,10:29:00,Highway,Rear-end,Severe,Car
2025-11-23,15:45:00,Highway,Pedestrian,Minor,Car
2025-11-24,17:36:00,South,Single Vehicle,Minor,Motorcycle
2025-11-24,15:50:00,North,Single Vehicle,Minor,Bus
2025-11-24,22:27:00,Highway,Collision,Moderate,Bus
2025-11-24,09:59:00,East,Collision,Moderate,Motorcycle
2025-11-24,17:30:00,North,Rear-end,Moderate,Car
2025-11-24,05:10:00,Highway,Rear-end,Moderate,Car
2025-11-24,18:22:00,North,Hit-and-run,Minor,Auto
2025-11-24,03:56:00,Central,Single Vehicle,Minor,Unknown
2025-11-24,12:01:00,Central,Collision,Moderate,Car
2025-11-24,23:39:00,West,Rear-end,Minor,Bus
2025-11-24,13:40:00,Industrial,Collision,Moderate,Truck
2025-11-24,02:26:00,South,Single Vehicle,Moderate,Auto
2025-11-24,09:34:00,South,Single Vehicle,Moderate,Car
2025-11-24,05:01:00,South,Rear-end,Minor,Motorcycle
2025-11-25,00:38:00,Industrial,Collision,Moderate,Motorcycle
2025-11-25,22:36:00,Central,Pedestrian,Severe,Auto
2025-11-25,23:20:00,Suburban,Hit-and-run,Fatal,Bus
2025-11-25,13:57:00,North,Collision,Severe,Auto
2025-11-25,07:04:00,Suburban,Single Vehicle,Moderate,Car
2025-11-25,18:51:00,Central,Single Vehicle,Minor,Bus
2025-11-25,13:44:00,Highway,Rear-end,Moderate,Motorcycle
2025-11-25,09:20:00,North,Rear-end,Severe,Car
2025-11-25,16:28:00,Central,Collision,Minor,Car
2025-11-25,08:19:00,Unknown,Rear-end,Minor,Truck
2025-11-25,05:37:00,Highway,Rear-end,Minor,Car
2025-11-25,10:19:00,South,Collision,Moderate,Auto
2025-11-25,06:49:00,Industrial,Collision,Minor,Truck
2025-11-25,16:24:00,West,Collision,Minor,Car
2025-11-25,00:01:00,Highway,Collision,Severe,Truck
2025-11-26,21:56:00,South,Rear-end,Moderate,Car
2025-11-26,04:31:00,East,Rear-end,Minor,Motorcycle
2025-11-26,08:25:00,East,Rear-end,Minor,Truck
2025-11-26,17:05:00,South,Rear-end,Minor,Auto
2025-11-26,23:40:00,Highway,Rear-end,Minor,Motorcycle
2025-11-26,20:56:00,Central,Pedestrian,Minor,Bus
2025-11-26,01:02:00,Central,Rear-end,Moderate,Bus
2025-11-26,10:32:00,West,Single Vehicle,Moderate,Car
2025-11-26,05:00:00,West,Rear-end,Moderate,Unknown
2025-11-26,07:50:00,North,Hit-and-run,Minor,Truck
2025-11-26,03:04:00,South,Collision,Moderate,Car
2025-11-26,17:12:00,Unknown,Hit-and-run,Severe,Auto
2025-11-26,10:18:00,North,Single Vehicle,Minor,Bus
2025-11-26,04:11:00,Industrial,Single Vehicle,Minor,Car
2025-11-27,14:47:00,Industrial,Single Vehicle,Moderate,Bicycle
2025-11-27,17:24:00,East,Collision,Moderate,Car
2025-11-27,01:56:00,Suburban,Rear-end,Minor,Auto
2025-11-27,21:50:00,Industrial,Rear-end,Moderate,Car
2025-11-27,10:34:00,East,Rear-end,Moderate,Bus
2025-11-27,12:11:00,West,Collision,Severe,Motorcycle
2025-11-27,03:29:00,Industrial,Single Vehicle,Minor,Truck
2025-11-27,21:04:00,West,Single Vehicle,Moderate,Car
2025-11-27,06:33:00,Highway,Rear-end,Minor,Car
2025-11-27,10:21:00,South,Collision,Moderate,Car
2025-11-27,21:38:00,South,Collision,Moderate,Auto
2025-11-27,23:12:00,North,Hit-and-run,Minor,Car
2025-11-27,03:56:00,Central,Collision,Severe,Truck
2025-11-27,14:46:00,Central,Single Vehicle,Minor,Auto
2025-11-28,00:53:00,Highway,Hit-and-run,Moderate,Auto
2025-11-28,22:02:00,Industrial,Hit-and-run,Minor,Car
2025-11-28,02:59:00,Industrial,Rear-end,Moderate,Auto
2025-11-28,13:52:00,West,Collision,Minor,Car
2025-11-28,05:19:00,Highway,Single Vehicle,Severe,Truck
2025-11-28,17:30:00,East,Hit-and-run,Severe,Truck
2025-11-28,00:04:00,Highway,Single Vehicle,Severe,Car
2025-11-28,05:23:00,South,Rear-end,Minor,Car
2025-11-28,05:39:00,Suburban,Hit-and-run,Moderate,Motorcycle
2025-11-28,20:53:00,Industrial,Collision,Minor,Motorcycle
2025-11-28,15:32:00,North,Hit-and-run,Severe,Auto
2025-11-28,04:07:00,Unknown,Pedestrian,Moderate,Car
2025-11-28,16:23:00,East,Pedestrian,Moderate,Auto
2025-11-28,09:49:00,Central,Pedestrian,Moderate,Motorcycle
2025-11-29,20:19:00,West,Collision,Minor,Bicycle
2025-11-29,17:59:00,South,Single Vehicle,Moderate,Truck
2025-11-29,06:15:00,Central,Single Vehicle,Minor,Auto
2025-11-29,02:49:00,Suburban,Collision,Fatal,Car
2025-11-29,12:51:00,West,Single Vehicle,Severe,Motorcycle
2025-11-29,14:11:00,Highway,Collision,Moderate,Car
2025-11-29,19:12:00,Industrial,Hit-and-run,Severe,Car
2025-11-29,18:44:00,South,Collision,Minor,Truck
2025-11-29,02:41:00,East,Single Vehicle,Severe,Truck
2025-11-29,03:38:00,Industrial,Collision,Minor,Car
2025-11-29,04:24:00,Suburban,Rear-end,Moderate,Motorcycle
2025-11-29,00:45:00,North,Rear-end,Moderate,Motorcycle
2025-11-29,03:31:00,Highway,Collision,Minor,Car
2025-11-29,11:23:00,Suburban,Hit-and-run,Minor,Motorcycle
2025-11-29,23:47:00,Industrial,Collision,Minor,Truck
2025-11-30,09:46:00,Suburban,Hit-and-run,Fatal,Car
2025-11-30,22:43:00,South,Single Vehicle,Minor,Bus
2025-11-30,20:08:00,Suburban,Pedestrian,Moderate,Motorcycle
2025-11-30,19:39:00,Industrial,Single Vehicle,Severe,Auto
2025-11-30,23:49:00,Central,Collision,Minor,Car
2025-11-30,12:22:00,Highway,Collision,Moderate,Auto
2025-11-30,22:49:00,East,Rear-end,Moderate,Car
2025-11-30,13:12:00,East,Collision,Minor,Car
2025-11-30,22:59:00,West,Single Vehicle,Moderate,Car
2025-11-30,04:58:00,Central,Collision,Minor,Auto
2025-11-30,03:31:00,East,Single Vehicle,Minor,Truck
2025-11-30,13:49:00,Highway,Collision,Moderate,Car
2025-11-30,09:14:00,Central,Pedestrian,Minor,Car
2025-11-30,16:35:00,North,Collision,Severe,Car
2025-12-01,09:48:00,Central,Collision,Severe,Car
2025-12-01,06:04:00,South,Hit-and-run,Moderate,Truck
2025-12-01,15:21:00,Industrial,Collision,Minor,Truck
2025-12-01,00:15:00,Highway,Hit-and-run,Minor,Auto
2025-12-01,16:40:00,Suburban,Rear-end,Minor,Bicycle
2025-12-01,20:09:00,West,Collision,Moderate,Truck
2025-12-01,08:23:00,North,Single Vehicle,Severe,Car
2025-12-01,05:17:00,Unknown,Rear-end,Minor,Car
2025-12-01,18:48:00,Highway,Hit-and-run,Minor,Motorcycle
2025-12-01,12:17:00,West,Rear-end,Minor,Motorcycle
2025-12-01,02:06:00,Industrial,Rear-end,Minor,Motorcycle
2025-12-01,06:03:00,Suburban,Collision,Moderate,Bicycle
2025-12-01,21:25:00,Industrial,Collision,Moderate,Auto
2025-12-01,08:04:00,South,Rear-end,Moderate,Car
2025-12-02,21:59:00,Industrial,Rear-end,Minor,Car
2025-12-02,04:54:00,Central,Rear-end,Severe,Auto
2025-12-02,09:15:00,South,Hit-and-run,Minor,Auto
2025-12-02,22:34:00,South,Hit-and-run,Severe,Car
2025-12-02,16:25:00,Central,Collision,Minor,Truck
2025-12-02,11:17:00,Central,Collision,Severe,Truck
2025-12-02,22:28:00,Central,Rear-end,Moderate,Motorcycle
2025-12-02,15:22:00,West,Collision,Minor,Car
2025-12-02,02:52:00,Highway,Collision,Severe,Auto
2025-12-02,21:13:00,Suburban,Collision,Moderate,Truck
2025-12-02,08:14:00,South,Single Vehicle,Minor,Car
2025-12-02,14:48:00,West,Hit-and-run,Minor,Truck
2025-12-02,04:32:00,Suburban,Collision,Moderate,Bus
2025-12-02,22:24:00,Central,Collision,Moderate,Auto
2025-12-02,12:20:00,Industrial,Hit-and-run,Moderate,Car
2025-12-03,13:16:00,Industrial,Rear-end,Moderate,Bicycle
2025-12-03,19:22:00,Central,Pedestrian,Moderate,Car
2025-12-03,14:56:00,Highway,Single Vehicle,Moderate,Motorcycle
2025-12-03,15:42:00,Highway,Rear-end,Moderate,Truck
2025-12-03,22:16:00,Central,Collision,Minor,Car
2025-12-03,12:57:00,Central,Pedestrian,Severe,Motorcycle
2025-12-03,16:13:00,Central,Single Vehicle,Minor,Auto
2025-12-03,22:28:00,South,Rear-end,Minor,Truck
2025-12-03,07:19:00,East,Hit-and-run,Moderate,Motorcycle
2025-12-03,20:29:00,East,Collision,Minor,Car
2025-12-03,01:18:00,North,Rear-end,Minor,Car
2025-12-03,04:52:00,Suburban,Hit-and-run,Minor,Car
2025-12-03,05:38:00,South,Single Vehicle,Moderate,Bicycle
2025-12-03,11:55:00,Central,Hit-and-run,Fatal,Bus
2025-12-04,17:12:00,South,Pedestrian,Moderate,Bicycle
2025-12-04,21:17:00,East,Collision,Moderate,Car
2025-12-04,21:22:00,South,Collision,Minor,Truck
2025-12-04,00:45:00,North,Rear-end,Minor,Car
2025-12-04,16:32:00,Central,Collision,Minor,Bus
2025-12-04,10:38:00,Highway,Hit-and-run,Minor,Car
2025-12-04,09:39:00,Suburban,Collision,Minor,Car
2025-12-04,18:17:00,South,Pedestrian,Minor,Motorcycle
2025-12-04,13:08:00,South,Pedestrian,Minor,Car
2025-12-04,09:32:00,West,Rear-end,Moderate,Truck
2025-12-04,14:31:00,Industrial,Collision,Severe,Truck
2025-12-04,18:53:00,South,Hit-and-run,Severe,Truck
2025-12-04,03:16:00,Highway,Single Vehicle,Moderate,Bicycle
2025-12-04,01:18:00,West,Hit-and-run,Minor,Car
2025-12-05,08:26:00,East,Collision,Moderate,Motorcycle
2025-12-05,09:05:00,West,Collision,Minor,Bus
2025-12-05,10:34:00,Suburban,Collision,Moderate,Motorcycle
2025-12-05,13:55:00,Highway,Collision,Moderate,Car
2025-12-05,06:36:00,Central,Pedestrian,Moderate,Auto
2025-12-05,22:33:00,South,Single Vehicle,Fatal,Car
2025-12-05,14:19:00,East,Collision,Moderate,Car
2025-12-05,21:24:00,South,Collision,Moderate,Car
2025-12-05,18:03:00,Industrial,Collision,Minor,Car
2025-12-05,21:09:00,Highway,Single Vehicle,Severe,Car
2025-12-05,14:09:00,Industrial,Rear-end,Minor,Car
2025-12-05,23:23:00,Suburban,Hit-and-run,Severe,Motorcycle
2025-12-05,07:20:00,North,Rear-end,Minor,Car
2025-12-05,10:10:00,Highway,Hit-and-run,Minor,Car
2025-12-06,08:26:00,Highway,Rear-end,Severe,Truck
2025-12-06,14:15:00,South,Collision,Minor,Car
2025-12-06,00:25:00,Industrial,Hit-and-run,Severe,Car
2025-12-06,00:29:00,Central,Rear-end,Minor,Car
2025-12-06,18:48:00,Highway,Collision,Severe,Car
2025-12-06,02:15:00,East,Collision,Moderate,Car
2025-12-06,09:06:00,South,Collision,Moderate,Motorcycle
2025-12-06,07:15:00,West,Rear-end,Minor,Truck
2025-12-06,14:34:00,West,Hit-and-run,Minor,Motorcycle
2025-12-06,09:57:00,North,Single Vehicle,Severe,Auto
2025-12-06,00:15:00,Central,Collision,Minor,Motorcycle
2025-12-06,17:39:00,East,Collision,Minor,Motorcycle
2025-12-06,01:11:00,West,Collision,Moderate,Car
2025-12-06,18:34:00,Highway,Rear-end,Moderate,Bus
2025-12-06,12:48:00,Suburban,Rear-end,Minor,Car
2025-12-07,21:20:00,East,Hit-and-run,Minor,Motorcycle
2025-12-07,00:49:00,Industrial,Collision,Minor,Motorcycle
2025-12-07,01:42:00,East,Rear-end,Severe,Truck
2025-12-07,15:35:00,Industrial,Single Vehicle,Minor,Auto
2025-12-07,14:47:00,North,Single Vehicle,Fatal,Auto
2025-12-07,12:16:00,South,Single Vehicle,Minor,Car
2025-12-07,15:31:00,West,Pedestrian,Minor,Car
2025-12-07,16:40:00,Central,Single Vehicle,Moderate,Bus
2025-12-07,20:05:00,Industrial,Collision,Minor,Motorcycle
2025-12-07,06:23:00,Highway,Collision,Moderate,Motorcycle
2025-12-07,23:26:00,South,Collision,Severe,Truck
2025-12-07,16:19:00,East,Hit-and-run,Minor,Motorcycle
2025-12-07,06:24:00,Highway,Single Vehicle,Severe,Bicycle
2025-12-07,12:01:00,Highway,Collision,Minor,Motorcycle
2025-12-08,04:08:00,North,Hit-and-run,Minor,Motorcycle
2025-12-08,16:27:00,South,Pedestrian,Minor,Motorcycle
2025-12-08,02:52:00,Industrial,Single Vehicle,Severe,Bus
2025-12-08,06:37:00,West,Hit-and-run,Minor,Motorcycle
2025-12-08,16:02:00,Central,Single Vehicle,Severe,Truck
2025-12-08,06:19:00,Unknown,Collision,Moderate,Bicycle
2025-12-08,20:05:00,Highway,Collision,Minor,Motorcycle
2025-12-08,00:38:00,Industrial,Rear-end,Minor,Car
2025-12-08,16:32:00,Suburban,Rear-end,Severe,Truck
2025-12-08,16:54:00,Highway,Collision,Moderate,Truck
2025-12-08,10:00:00,Suburban,Hit-and-run,Moderate,Car
2025-12-08,02:36:00,North,Pedestrian,Severe,Motorcycle
2025-12-08,14:05:00,Highway,Pedestrian,Minor,Bus
2025-12-08,20:44:00,Central,Collision,Severe,Motorcycle
2025-12-09,10:33:00,Industrial,Rear-end,Severe,Bus
2025-12-09,15:46:00,East,Collision,Moderate,Motorcycle
2025-12-09,21:14:00,South,Collision,Severe,Bicycle
2025-12-09,08:44:00,Highway,Rear-end,Moderate,Car
2025-12-09,23:25:00,Highway,Collision,Moderate,Car
2025-12-09,23:56:00,Central,Collision,Moderate,Motorcycle
2025-12-09,00:13:00,West,Pedestrian,Minor,Motorcycle
2025-12-09,21:57:00,South,Collision,Moderate,Car
2025-12-09,15:53:00,South,Single Vehicle,Minor,Car
2025-12-09,08:06:00,Highway,Rear-end,Minor,Truck
2025-12-09,18:45:00,South,Single Vehicle,Minor,Car
2025-12-09,11:57:00,Suburban,Collision,Minor,Truck
2025-12-09,18:30:00,Central,Rear-end,Minor,Bus
2025-12-09,21:23:00,Industrial,Collision,Severe,Bus
2025-12-09,08:58:00,Industrial,Single Vehicle,Minor,Car
2025-12-10,06:30:00,North,Collision,Moderate,Motorcycle
2025-12-10,13:28:00,South,Collision,Minor,Motorcycle
2025-12-10,18:41:00,Highway,Single Vehicle,Minor,Auto
2025-12-10,18:31:00,Highway,Collision,Minor,Auto
2025-12-10,01:16:00,South,Collision,Minor,Car
2025-12-10,08:13:00,East,Rear-end,Moderate,Car
2025-12-10,12:39:00,Central,Hit-and-run,Moderate,Car
2025-12-10,14:35:00,North,Collision,Minor,Car
2025-12-10,02:57:00,East,Rear-end,Minor,Motorcycle
2025-12-10,10:47:00,Central,Collision,Severe,Truck
2025-12-10,20:23:00,Highway,Rear-end,Minor,Car
2025-12-10,13:44:00,Industrial,Pedestrian,Minor,Truck
2025-12-10,07:53:00,Suburban,Rear-end,Moderate,Auto
2025-12-10,17:26:00,Industrial,Rear-end,Minor,Truck
2025-12-11,18:24:00,Suburban,Collision,Fatal,Car
2025-12-11,15:58:00,West,Collision,Moderate,Motorcycle
2025-12-11,01:31:00,West,Collision,Minor,Motorcycle
2025-12-11,07:51:00,Suburban,Rear-end,Minor,Auto
2025-12-11,21:17:00,West,Rear-end,Moderate,Car
2025-12-11,05:45:00,Central,Single Vehicle,Minor,Motorcycle
2025-12-11,11:17:00,Industrial,Collision,Severe,Motorcycle
2025-12-11,14:36:00,Highway,Rear-end,Moderate,Motorcycle
2025-12-11,07:25:00,Highway,Rear-end,Minor,Truck
2025-12-11,03:08:00,West,Rear-end,Moderate,Car
2025-12-11,14:59:00,Industrial,Single Vehicle,Minor,Motorcycle
2025-12-11,19:34:00,Suburban,Collision,Minor,Car
2025-12-11,16:07:00,Central,Collision,Moderate,Car
2025-12-11,12:19:00,Industrial,Hit-and-run,Moderate,Truck
2025-12-12,17:53:00,North,Collision,Moderate,Car
2025-12-12,01:41:00,West,Collision,Minor,Car
2025-12-12,12:21:00,West,Collision,Moderate,Truck
2025-12-12,12:18:00,Central,Collision,Minor,Truck
2025-12-12,21:29:00,North,Rear-end,Moderate,Car
2025-12-12,14:52:00,West,Collision,Moderate,Motorcycle
2025-12-12,19:27:00,Central,Rear-end,Moderate,Car
2025-12-12,09:34:00,North,Rear-end,Severe,Car
2025-12-12,02:42:00,Highway,Rear-end,Severe,Motorcycle
2025-12-12,18:10:00,South,Single Vehicle,Fatal,Car
2025-12-12,02:30:00,East,Collision,Fatal,Bicycle
2025-12-12,21:48:00,Suburban,Single Vehicle,Moderate,Car
2025-12-12,13:47:00,North,Rear-end,Fatal,Bus
2025-12-12,07:38:00,South,Pedestrian,Severe,Auto
2025-12-13,22:35:00,West,Rear-end,Moderate,Bicycle
2025-12-13,03:29:00,Industrial,Rear-end,Minor,Motorcycle
2025-12-13,19:22:00,Highway,Single Vehicle,Minor,Auto
2025-12-13,10:18:00,Suburban,Single Vehicle,Severe,Bicycle
2025-12-13,10:11:00,Highway,Collision,Moderate,Car
2025-12-13,10:14:00,North,Collision,Severe,Motorcycle
2025-12-13,01:30:00,Central,Rear-end,Minor,Car
2025-12-13,16:42:00,South,Single Vehicle,Minor,Truck
2025-12-13,08:36:00,Central,Collision,Moderate,Motorcycle
2025-12-13,01:36:00,Industrial,Hit-and-run,Severe,Car
2025-12-13,23:14:00,Industrial,Hit-and-run,Minor,Bus
2025-12-13,14:28:00,Central,Pedestrian,Severe,Car
2025-12-13,15:49:00,Highway,Rear-end,Severe,Bus
2025-12-13,03:42:00,North,Rear-end,Minor,Car
2025-12-13,07:25:00,East,Single Vehicle,Minor,Truck
2025-12-14,08:43:00,Industrial,Rear-end,Minor,Car
2025-12-14,04:01:00,East,Hit-and-run,Minor,Car
2025-12-14,15:19:00,East,Collision,Minor,Truck
2025-12-14,12:14:00,Central,Hit-and-run,Minor,Car
2025-12-14,06:51:00,South,Collision,Minor,Motorcycle
2025-12-14,19:03:00,Highway,Collision,Severe,Auto
2025-12-14,16:21:00,Suburban,Hit-and-run,Moderate,Car
2025-12-14,02:49:00,South,Rear-end,Moderate,Bus
2025-12-14,04:37:00,East,Hit-and-run,Minor,Car
2025-12-14,18:22:00,Industrial,Collision,Severe,Unknown
2025-12-14,11:58:00,Suburban,Rear-end,Severe,Car
2025-12-14,06:25:00,North,Rear-end,Moderate,Bicycle
2025-12-14,08:50:00,East,Rear-end,Severe,Car
2025-12-14,05:10:00,Highway,Collision,Severe,Auto
2025-12-15,16:27:00,West,Hit-and-run,Moderate,Bicycle
2025-12-15,15:55:00,Central,Pedestrian,Moderate,Car
2025-12-15,22:01:00,West,Collision,Minor,Truck
2025-12-15,02:58:00,North,Collision,Minor,Bus
2025-12-15,20:07:00,East,Hit-and-run,Minor,Car
2025-12-15,03:28:00,East,Hit-and-run,Minor,Car
2025-12-15,09:10:00,Highway,Hit-and-run,Minor,Motorcycle
2025-12-15,04:36:00,East,Hit-and-run,Severe,Bus
2025-12-15,20:17:00,North,Rear-end,Minor,Bus
2025-12-15,21:54:00,North,Rear-end,Fatal,Car
2025-12-15,09:49:00,Highway,Collision,Moderate,Car
2025-12-15,11:13:00,Central,Collision,Minor,Auto
2025-12-15,09:53:00,East,Hit-and-run,Moderate,Car
2025-12-15,12:09:00,North,Collision,Minor,Truck
2025-12-16,10:34:00,Highway,Single Vehicle,Fatal,Car
2025-12-16,21:08:00,East,Pedestrian,Severe,Auto
2025-12-16,15:34:00,South,Single Vehicle,Minor,Auto
2025-12-16,07:10:00,South,Single Vehicle,Severe,Car
2025-12-16,07:43:00,Highway,Rear-end,Moderate,Car
2025-12-16,07:11:00,West,Single Vehicle,Minor,Motorcycle
2025-12-16,12:02:00,Industrial,Collision,Moderate,Car
2025-12-16,01:52:00,Highway,Collision,Moderate,Car
2025-12-16,11:38:00,Highway,Pedestrian,Minor,Truck
2025-12-16,09:13:00,South,Collision,Moderate,Car
2025-12-16,11:55:00,Suburban,Single Vehicle,Minor,Car
2025-12-16,10:27:00,Central,Hit-and-run,Moderate,Bus
2025-12-16,14:10:00,South,Pedestrian,Minor,Truck
2025-12-16,15:38:00,Highway,Collision,Fatal,Car
2025-12-16,16:24:00,North,Hit-and-run,Moderate,Truck
2025-12-17,01:20:00,North,Collision,Minor,Bus
2025-12-17,17:09:00,South,Pedestrian,Minor,Motorcycle
2025-12-17,11:42:00,West,Collision,Minor,Car
2025-12-17,18:14:00,East,Hit-and-run,Moderate,Car
2025-12-17,22:18:00,Industrial,Collision,Minor,Bus
2025-12-17,17:47:00,Highway,Collision,Severe,Auto
2025-12-17,16:21:00,Industrial,Rear-end,Severe,Truck
2025-12-17,05:20:00,North,Collision,Moderate,Car
2025-12-17,14:59:00,Suburban,Hit-and-run,Minor,Motorcycle
2025-12-17,02:51:00,North,Collision,Minor,Auto
2025-12-17,05:43:00,Central,Collision,Minor,Car
2025-12-17,02:31:00,Central,Rear-end,Moderate,Car
2025-12-17,00:49:00,West,Collision,Moderate,Motorcycle
2025-12-17,12:22:00,Central,Collision,Moderate,Auto
2025-12-18,20:12:00,Central,Pedestrian,Minor,Car
2025-12-18,13:04:00,South,Collision,Severe,Motorcycle
2025-12-18,12:03:00,North,Collision,Minor,Truck
2025-12-18,03:27:00,West,Collision,Minor,Motorcycle
2025-12-18,06:13:00,Highway,Rear-end,Moderate,Truck
2025-12-18,21:07:00,Highway,Rear-end,Minor,Truck
2025-12-18,09:08:00,North,Collision,Moderate,Car
2025-12-18,06:56:00,North,Pedestrian,Severe,Car
2025-12-18,20:50:00,Suburban,Collision,Moderate,Motorcycle
2025-12-18,14:34:00,Central,Rear-end,Minor,Car
2025-12-18,14:36:00,Highway,Rear-end,Minor,Truck
2025-12-18,03:20:00,North,Hit-and-run,Minor,Truck
2025-12-18,22:57:00,Suburban,Single Vehicle,Minor,Car
2025-12-18,22:17:00,South,Rear-end,Fatal,Motorcycle
2025-12-19,05:32:00,East,Single Vehicle,Moderate,Motorcycle
2025-12-19,23:07:00,Industrial,Collision,Minor,Car
2025-12-19,19:50:00,West,Collision,Severe,Motorcycle
2025-12-19,04:48:00,South,Collision,Moderate,Auto
2025-12-19,19:16:00,West,Rear-end,Minor,Motorcycle
2025-12-19,11:42:00,Industrial,Collision,Minor,Truck
2025-12-19,00:30:00,Central,Collision,Minor,Car
2025-12-19,07:33:00,Central,Rear-end,Fatal,Car
2025-12-19,00:05:00,East,Collision,Moderate,Car
2025-12-19,04:21:00,Central,Collision,Severe,Bus
2025-12-19,21:13:00,Industrial,Collision,Minor,Car
2025-12-19,05:02:00,North,Single Vehicle,Severe,Car
2025-12-19,20:11:00,East,Collision,Minor,Bus
2025-12-19,02:35:00,North,Hit-and-run,Fatal,Car
2025-12-20,14:11:00,West,Rear-end,Severe,Car
2025-12-20,04:44:00,Central,Rear-end,Minor,Motorcycle
2025-12-20,23:01:00,Central,Collision,Moderate,Car
2025-12-20,13:01:00,Central,Collision,Moderate,Motorcycle
2025-12-20,17:14:00,Suburban,Rear-end,Severe,Car
2025-12-20,15:22:00,Central,Collision,Minor,Car
2025-12-20,05:28:00,Industrial,Collision,Minor,Auto
2025-12-20,23:16:00,Central,Collision,Severe,Auto
2025-12-20,13:31:00,Central,Single Vehicle,Moderate,Auto
2025-12-20,23:06:00,East,Rear-end,Minor,Auto
2025-12-20,07:29:00,East,Hit-and-run,Severe,Motorcycle
2025-12-20,06:27:00,Suburban,Rear-end,Minor,Truck
2025-12-20,07:13:00,Suburban,Single Vehicle,Moderate,Motorcycle
2025-12-20,12:43:00,Highway,Rear-end,Minor,Bus
2025-12-20,05:29:00,West,Rear-end,Minor,Motorcycle
2025-12-21,17:16:00,East,Single Vehicle,Moderate,Car
2025-12-21,01:31:00,South,Hit-and-run,Minor,Bus
2025-12-21,07:45:00,Suburban,Collision,Moderate,Bus
2025-12-21,10:05:00,West,Collision,Moderate,Auto
2025-12-21,00:50:00,West,Pedestrian,Minor,Car
2025-12-21,21:23:00,North,Pedestrian,Minor,Car
2025-12-21,05:05:00,Central,Rear-end,Moderate,Car
2025-12-21,15:26:00,Suburban,Rear-end,Minor,Motorcycle
2025-12-21,19:17:00,South,Hit-and-run,Moderate,Car
2025-12-21,11:23:00,East,Rear-end,Moderate,Car
2025-12-21,10:36:00,Central,Hit-and-run,Severe,Car
2025-12-21,09:55:00,Highway,Collision,Moderate,Car
2025-12-21,02:23:00,Central,Single Vehicle,Minor,Truck
2025-12-21,12:37:00,Highway,Pedestrian,Severe,Auto
2025-12-22,02:33:00,Central,Hit-and-run,Fatal,Car
2025-12-22,14:39:00,Highway,Collision,Minor,Motorcycle
2025-12-22,15:46:00,Industrial,Collision,Fatal,Car
2025-12-22,12:14:00,Central,Rear-end,Moderate,Car
2025-12-22,16:10:00,West,Hit-and-run,Minor,Truck
2025-12-22,02:21:00,South,Hit-and-run,Minor,Truck
2025-12-22,19:53:00,Central,Rear-end,Moderate,Bus
2025-12-22,10:23:00,Highway,Rear-end,Minor,Motorcycle
2025-12-22,20:00:00,South,Pedestrian,Minor,Auto
2025-12-22,18:17:00,South,Collision,Minor,Car
2025-12-22,21:43:00,Central,Rear-end,Minor,Car
2025-12-22,10:11:00,South,Pedestrian,Minor,Car
2025-12-22,15:56:00,Highway,Rear-end,Moderate,Bus
2025-12-22,20:42:00,South,Hit-and-run,Minor,Car
2025-12-23,02:27:00,Suburban,Rear-end,Fatal,Car
2025-12-23,21:39:00,Suburban,Single Vehicle,Minor,Truck
2025-12-23,05:59:00,Central,Collision,Minor,Car
2025-12-23,13:06:00,Central,Rear-end,Minor,Car
2025-12-23,23:22:00,Highway,Collision,Minor,Car
2025-12-23,17:20:00,South,Collision,Minor,Car
2025-12-23,16:33:00,Central,Rear-end,Moderate,Truck
2025-12-23,03:10:00,North,Collision,Moderate,Motorcycle
2025-12-23,22:21:00,West,Single Vehicle,Minor,Car
2025-12-23,14:41:00,Highway,Single Vehicle,Minor,Car
2025-12-23,10:34:00,Central,Collision,Minor,Bus
2025-12-23,02:51:00,Central,Hit-and-run,Severe,Motorcycle
2025-12-23,02:28:00,Suburban,Rear-end,Moderate,Truck
2025-12-23,15:41:00,Industrial,Pedestrian,Minor,Motorcycle
2025-12-23,04:27:00,West,Hit-and-run,Minor,Car
2025-12-24,20:58:00,Highway,Collision,Fatal,Bicycle
2025-12-24,09:17:00,East,Pedestrian,Minor,Motorcycle
2025-12-24,18:13:00,Industrial,Pedestrian,Moderate,Car
2025-12-24,03:17:00,South,Rear-end,Minor,Car
2025-12-24,18:27:00,North,Single Vehicle,Moderate,Car
2025-12-24,10:23:00,Industrial,Single Vehicle,Fatal,Car
2025-12-24,01:07:00,South,Rear-end,Fatal,Auto
2025-12-24,09:41:00,Suburban,Rear-end,Moderate,Auto
2025-12-24,10:53:00,South,Single Vehicle,Minor,Car
2025-12-24,19:44:00,Suburban,Collision,Moderate,Car
2025-12-24,15:52:00,Suburban,Collision,Minor,Bus
2025-12-24,18:07:00,North,Collision,Fatal,Car
2025-12-24,22:03:00,Highway,Single Vehicle,Moderate,Motorcycle
2025-12-24,23:26:00,East,Pedestrian,Minor,Truck
2025-12-25,10:35:00,Suburban,Collision,Minor,Unknown
2025-12-25,13:04:00,East,Single Vehicle,Moderate,Truck
2025-12-25,01:32:00,Industrial,Hit-and-run,Fatal,Truck
2025-12-25,22:48:00,East,Single Vehicle,Moderate,Bicycle
2025-12-25,04:33:00,North,Collision,Minor,Car
2025-12-25,04:29:00,North,Rear-end,Minor,Auto
2025-12-25,18:07:00,East,Hit-and-run,Minor,Car
2025-12-25,20:38:00,Industrial,Rear-end,Severe,Car
2025-12-25,11:46:00,West,Hit-and-run,Fatal,Car
2025-12-25,17:25:00,Industrial,Pedestrian,Severe,Truck
2025-12-25,03:56:00,North,Collision,Moderate,Car
2025-12-25,21:36:00,East,Single Vehicle,Moderate,Auto
2025-12-25,16:33:00,Central,Collision,Moderate,Truck
2025-12-25,09:06:00,Highway,Collision,Moderate,Car
2025-12-26,19:39:00,Suburban,Collision,Moderate,Truck
2025-12-26,05:27:00,South,Collision,Minor,Auto
2025-12-26,13:38:00,Central,Collision,Moderate,Truck
2025-12-26,10:38:00,Central,Pedestrian,Minor,Car
2025-12-26,10:27:00,West,Hit-and-run,Minor,Auto
2025-12-26,17:13:00,West,Rear-end,Severe,Truck
2025-12-26,22:52:00,Highway,Hit-and-run,Severe,Car
2025-12-26,21:49:00,North,Collision,Moderate,Car
2025-12-26,17:37:00,Highway,Collision,Minor,Motorcycle
2025-12-26,23:03:00,Industrial,Hit-and-run,Severe,Auto
2025-12-26,22:41:00,South,Hit-and-run,Moderate,Car
2025-12-26,10:17:00,West,Pedestrian,Minor,Car
2025-12-26,20:43:00,Central,Rear-end,Moderate,Auto
2025-12-26,11:47:00,East,Hit-and-run,Minor,Car
2025-12-27,04:24:00,Highway,Hit-and-run,Minor,Auto
2025-12-27,22:06:00,East,Single Vehicle,Severe,Car
2025-12-27,08:37:00,Highway,Collision,Minor,Motorcycle
2025-12-27,08:27:00,West,Rear-end,Minor,Car
2025-12-27,21:04:00,North,Rear-end,Minor,Auto
2025-12-27,09:02:00,West,Single Vehicle,Minor,Bus
2025-12-27,21:43:00,East,Collision,Minor,Auto
2025-12-27,18:30:00,South,Rear-end,Minor,Truck
2025-12-27,00:46:00,Central,Collision,Minor,Car
2025-12-27,06:41:00,South,Rear-end,Minor,Car
2025-12-27,03:57:00,Central,Collision,Minor,Motorcycle
2025-12-27,00:19:00,Central,Collision,Minor,Motorcycle
2025-12-27,14:18:00,South,Rear-end,Moderate,Auto
2025-12-27,07:47:00,South,Collision,Moderate,Car
2025-12-27,11:59:00,Suburban,Collision,Minor,Truck
2025-12-28,21:10:00,South,Collision,Moderate,Bicycle
2025-12-28,21:39:00,Industrial,Collision,Fatal,Car
2025-12-28,17:02:00,East,Single Vehicle,Severe,Auto
2025-12-28,14:22:00,Industrial,Rear-end,Minor,Motorcycle
2025-12-28,16:06:00,North,Pedestrian,Severe,Truck
2025-12-28,13:22:00,Suburban,Rear-end,Minor,Car
2025-12-28,13:06:00,East,Single Vehicle,Minor,Car
2025-12-28,17:45:00,Highway,Rear-end,Minor,Car
2025-12-28,19:33:00,South,Rear-end,Minor,Bicycle
2025-12-28,17:41:00,Central,Rear-end,Moderate,Bus
2025-12-28,15:18:00,Industrial,Hit-and-run,Moderate,Car
2025-12-28,00:57:00,Central,Rear-end,Moderate,Bicycle
2025-12-28,22:08:00,East,Collision,Minor,Motorcycle
2025-12-28,10:47:00,North,Collision,Minor,Auto
2025-12-29,14:50:00,West,Rear-end,Minor,Car
2025-12-29,11:17:00,Suburban,Rear-end,Minor,Car
2025-12-29,07:40:00,East,Collision,Fatal,Truck
2025-12-29,21:47:00,Highway,Rear-end,Moderate,Car
2025-12-29,19:44:00,East,Rear-end,Fatal,Motorcycle
2025-12-29,05:41:00,East,Pedestrian,Moderate,Motorcycle
2025-12-29,02:24:00,Suburban,Collision,Minor,Car
2025-12-29,23:51:00,Highway,Collision,Minor,Car
2025-12-29,12:13:00,Highway,Pedestrian,Moderate,Bicycle
2025-12-29,12:43:00,South,Hit-and-run,Minor,Car
2025-12-29,01:24:00,West,Collision,Severe,Car
2025-12-29,04:18:00,North,Single Vehicle,Minor,Motorcycle
2025-12-29,16:38:00,East,Rear-end,Minor,Truck
2025-12-29,05:54:00,East,Rear-end,Moderate,Truck
2025-12-30,01:14:00,Highway,Single Vehicle,Severe,Bus
2025-12-30,03:15:00,Highway,Single Vehicle,Minor,Car
2025-12-30,21:26:00,South,Collision,Moderate,Car
2025-12-30,10:39:00,Central,Collision,Minor,Bus
2025-12-30,07:09:00,Highway,Collision,Moderate,Auto
2025-12-30,11:03:00,Central,Collision,Minor,Motorcycle
2025-12-30,07:50:00,West,Collision,Minor,Car
2025-12-30,10:18:00,Central,Rear-end,Moderate,Car
2025-12-30,21:27:00,South,Single Vehicle,Minor,Car
2025-12-30,19:20:00,Suburban,Single Vehicle,Moderate,Bus
2025-12-30,07:58:00,Central,Rear-end,Severe,Car
2025-12-30,07:46:00,East,Rear-end,Minor,Car
2025-12-30,16:13:00,South,Collision,Moderate,Car
2025-12-30,19:32:00,Highway,Collision,Moderate,Motorcycle
2025-12-31,19:47:00,Highway,Collision,Minor,Car
